id,year,State,Unit,Value
1,16/12/2018,New South Wales,$/MWh),100
2,19/02/2017,New South Wales,$/MWh),100
3,23/04/2017,New South Wales,$/MWh),100
4,23/07/2017,New South Wales,$/MWh),100
5,30/07/2017,New South Wales,$/MWh),101
6,15/09/2019,New South Wales,$/MWh),102
7,15/12/2013,New South Wales,$/MWh),102
8,16/04/2017,New South Wales,$/MWh),102
9,17/06/2018,New South Wales,$/MWh),102
10,19/08/2018,New South Wales,$/MWh),103
11,30/04/2017,New South Wales,$/MWh),106
12,14/10/2018,New South Wales,$/MWh),108
13,15/11/2020,New South Wales,$/MWh),110
14,20/08/2017,New South Wales,$/MWh),110
15,26/03/2017,New South Wales,$/MWh),110
16,29/09/2019,New South Wales,$/MWh),110
17,12/2/2017,New South Wales,$/MWh),111
18,3/2/2019,New South Wales,$/MWh),112
19,6/10/2019,New South Wales,$/MWh),113
20,2/4/2017,New South Wales,$/MWh),114
21,27/10/2019,New South Wales,$/MWh),114
22,3/7/2016,New South Wales,$/MWh),115
23,9/4/2017,New South Wales,$/MWh),115
24,29/01/2017,New South Wales,$/MWh),116
25,22/09/2019,New South Wales,$/MWh),119
26,26/08/2018,New South Wales,$/MWh),119
27,27/08/2017,New South Wales,$/MWh),119
28,20/06/2021,New South Wales,$/MWh),120
29,25/08/2019,New South Wales,$/MWh),121
30,20/01/2019,New South Wales,$/MWh),122
31,26/06/2016,New South Wales,$/MWh),126
32,19/03/2017,New South Wales,$/MWh),127
33,20/09/2015,New South Wales,$/MWh),128
34,2/9/2018,New South Wales,$/MWh),131
35,2/6/2019,New South Wales,$/MWh),139
36,29/05/2016,New South Wales,$/MWh),145
37,13/01/2019,New South Wales,$/MWh),147
38,13/11/2016,New South Wales,$/MWh),150
39,17/01/2010,New South Wales,$/MWh),154
40,22/11/2009,New South Wales,$/MWh),156
41,23/05/2021,New South Wales,$/MWh),159
42,3/6/2018,New South Wales,$/MWh),160
43,27/01/2019,New South Wales,$/MWh),165
44,13/12/2009,New South Wales,$/MWh),198
45,21/12/2008,New South Wales,$/MWh),20
46,13/12/2020,New South Wales,$/MWh),205
47,13/06/2021,New South Wales,$/MWh),209
48,19/12/2010,New South Wales,$/MWh),21
49,16/05/2021,New South Wales,$/MWh),215
50,24/10/2010,New South Wales,$/MWh),22
51,31/10/2010,New South Wales,$/MWh),22
52,7/3/2010,New South Wales,$/MWh),22
53,8/1/2012,New South Wales,$/MWh),22
54,1/3/2009,New South Wales,$/MWh),23
55,10/10/2010,New South Wales,$/MWh),23
56,12/12/2010,New South Wales,$/MWh),23
57,14/11/2010,New South Wales,$/MWh),23
58,14/12/2008,New South Wales,$/MWh),23
59,16/08/2009,New South Wales,$/MWh),23
60,25/04/2010,New South Wales,$/MWh),23
61,28/02/2010,New South Wales,$/MWh),23
62,28/11/2010,New South Wales,$/MWh),23
63,3/10/2010,New South Wales,$/MWh),23
64,4/3/2012,New South Wales,$/MWh),23
65,4/4/2010,New South Wales,$/MWh),23
66,8/3/2009,New South Wales,$/MWh),23
67,30/05/2021,New South Wales,$/MWh),230
68,11/7/2010,New South Wales,$/MWh),24
69,12/9/2010,New South Wales,$/MWh),24
70,17/10/2010,New South Wales,$/MWh),24
71,18/04/2010,New South Wales,$/MWh),24
72,19/09/2010,New South Wales,$/MWh),24
73,2/5/2010,New South Wales,$/MWh),24
74,21/11/2010,New South Wales,$/MWh),24
75,25/12/2011,New South Wales,$/MWh),24
76,26/12/2010,New South Wales,$/MWh),24
77,27/12/2009,New South Wales,$/MWh),24
78,28/03/2010,New South Wales,$/MWh),24
79,28/12/2008,New South Wales,$/MWh),24
80,29/11/2009,New South Wales,$/MWh),24
81,30/08/2009,New South Wales,$/MWh),24
82,5/12/2010,New South Wales,$/MWh),24
83,7/11/2010,New South Wales,$/MWh),24
84,6/6/2021,New South Wales,$/MWh),249
85,13/06/2010,New South Wales,$/MWh),25
86,15/01/2012,New South Wales,$/MWh),25
87,15/02/2009,New South Wales,$/MWh),25
88,15/08/2010,New South Wales,$/MWh),25
89,20/09/2009,New South Wales,$/MWh),25
90,22/03/2009,New South Wales,$/MWh),25
91,23/08/2009,New South Wales,$/MWh),25
92,24/04/2011,New South Wales,$/MWh),25
93,26/09/2010,New South Wales,$/MWh),25
94,27/03/2011,New South Wales,$/MWh),25
95,29/08/2010,New South Wales,$/MWh),25
96,5/9/2010,New South Wales,$/MWh),25
97,7/12/2008,New South Wales,$/MWh),25
98,9/8/2009,New South Wales,$/MWh),25
99,1/1/2012,New South Wales,$/MWh),26
100,11/12/2011,New South Wales,$/MWh),26
101,12/2/2012,New South Wales,$/MWh),26
102,13/09/2009,New South Wales,$/MWh),26
103,14/02/2010,New South Wales,$/MWh),26
104,15/03/2015,New South Wales,$/MWh),26
105,17/04/2011,New South Wales,$/MWh),26
106,18/03/2012,New South Wales,$/MWh),26
107,19/07/2009,New South Wales,$/MWh),26
108,20/12/2009,New South Wales,$/MWh),26
109,21/06/2009,New South Wales,$/MWh),26
110,23/11/2008,New South Wales,$/MWh),26
111,26/02/2012,New South Wales,$/MWh),26
112,26/06/2011,New South Wales,$/MWh),26
113,11/10/2009,New South Wales,$/MWh),27
114,13/03/2011,New South Wales,$/MWh),27
115,16/01/2011,New South Wales,$/MWh),27
116,16/11/2008,New South Wales,$/MWh),27
117,18/10/2009,New South Wales,$/MWh),27
118,18/12/2011,New South Wales,$/MWh),27
119,19/06/2011,New South Wales,$/MWh),27
120,2/8/2009,New South Wales,$/MWh),27
121,20/03/2011,New South Wales,$/MWh),27
122,22/01/2012,New South Wales,$/MWh),27
123,22/02/2009,New South Wales,$/MWh),27
124,22/08/2010,New South Wales,$/MWh),27
125,25/01/2015,New South Wales,$/MWh),27
126,25/03/2012,New South Wales,$/MWh),27
127,25/10/2009,New South Wales,$/MWh),27
128,29/05/2011,New South Wales,$/MWh),27
129,3/4/2011,New South Wales,$/MWh),27
130,4/12/2011,New South Wales,$/MWh),27
131,5/2/2012,New South Wales,$/MWh),27
132,6/3/2011,New South Wales,$/MWh),27
133,10/4/2011,New South Wales,$/MWh),28
134,11/3/2012,New South Wales,$/MWh),28
135,13/05/2012,New South Wales,$/MWh),28
136,14/03/2010,New South Wales,$/MWh),28
137,14/06/2009,New South Wales,$/MWh),28
138,16/10/2011,New South Wales,$/MWh),28
139,2/1/2011,New South Wales,$/MWh),28
140,20/06/2010,New South Wales,$/MWh),28
141,21/08/2011,New South Wales,$/MWh),28
142,21/12/2014,New South Wales,$/MWh),28
143,23/05/2010,New South Wales,$/MWh),28
144,25/07/2010,New South Wales,$/MWh),28
145,26/07/2009,New South Wales,$/MWh),28
146,27/09/2009,New South Wales,$/MWh),28
147,3/1/2010,New South Wales,$/MWh),28
148,3/7/2011,New South Wales,$/MWh),28
149,30/10/2011,New South Wales,$/MWh),28
150,30/11/2008,New South Wales,$/MWh),28
151,4/7/2010,New South Wales,$/MWh),28
152,4/9/2011,New South Wales,$/MWh),28
153,6/5/2012,New South Wales,$/MWh),28
154,6/9/2009,New South Wales,$/MWh),28
155,8/11/2009,New South Wales,$/MWh),28
156,8/5/2011,New South Wales,$/MWh),28
157,26/10/2008,New South Wales,$/MWh),286
158,1/5/2011,New South Wales,$/MWh),29
159,12/6/2011,New South Wales,$/MWh),29
160,13/07/2008,New South Wales,$/MWh),29
161,18/09/2011,New South Wales,$/MWh),29
162,19/02/2012,New South Wales,$/MWh),29
163,20/05/2012,New South Wales,$/MWh),29
164,23/10/2011,New South Wales,$/MWh),29
165,25/09/2011,New South Wales,$/MWh),29
166,27/02/2011,New South Wales,$/MWh),29
167,27/05/2012,New South Wales,$/MWh),29
168,27/07/2014,New South Wales,$/MWh),29
169,29/01/2012,New South Wales,$/MWh),29
170,31/07/2011,New South Wales,$/MWh),29
171,5/4/2009,New South Wales,$/MWh),29
172,9/10/2011,New South Wales,$/MWh),29
173,6/12/2009,New South Wales,$/MWh),296
174,1/2/2015,New South Wales,$/MWh),30
175,15/05/2011,New South Wales,$/MWh),30
176,17/05/2009,New South Wales,$/MWh),30
177,17/07/2011,New South Wales,$/MWh),30
178,2/10/2011,New South Wales,$/MWh),30
179,24/01/2010,New South Wales,$/MWh),30
180,24/05/2009,New South Wales,$/MWh),30
181,28/06/2009,New South Wales,$/MWh),30
182,28/08/2011,New South Wales,$/MWh),30
183,28/09/2014,New South Wales,$/MWh),30
184,5/4/2015,New South Wales,$/MWh),30
185,5/6/2011,New South Wales,$/MWh),30
186,1/8/2010,New South Wales,$/MWh),31
187,10/5/2009,New South Wales,$/MWh),31
188,11/9/2011,New South Wales,$/MWh),31
189,12/7/2009,New South Wales,$/MWh),31
190,14/08/2011,New South Wales,$/MWh),31
191,14/12/2014,New South Wales,$/MWh),31
192,18/07/2010,New South Wales,$/MWh),31
193,19/10/2014,New South Wales,$/MWh),31
194,2/11/2014,New South Wales,$/MWh),31
195,22/05/2011,New South Wales,$/MWh),31
196,29/06/2008,New South Wales,$/MWh),31
197,3/5/2015,New South Wales,$/MWh),31
198,30/05/2010,New South Wales,$/MWh),31
199,6/2/2011,New South Wales,$/MWh),31
200,8/4/2012,New South Wales,$/MWh),31
201,9/11/2014,New South Wales,$/MWh),31
202,15/11/2009,New South Wales,$/MWh),315
203,29/12/2019,New South Wales,$/MWh),319
204,1/4/2012,New South Wales,$/MWh),32
205,11/1/2015,New South Wales,$/MWh),32
206,12/4/2009,New South Wales,$/MWh),32
207,14/09/2008,New South Wales,$/MWh),32
208,15/03/2009,New South Wales,$/MWh),32
209,16/05/2010,New South Wales,$/MWh),32
210,20/11/2011,New South Wales,$/MWh),32
211,22/03/2015,New South Wales,$/MWh),32
212,26/10/2014,New South Wales,$/MWh),32
213,4/10/2009,New South Wales,$/MWh),32
214,5/10/2014,New South Wales,$/MWh),32
215,6/6/2010,New South Wales,$/MWh),32
216,8/3/2015,New South Wales,$/MWh),32
217,9/5/2010,New South Wales,$/MWh),32
218,11/4/2010,New South Wales,$/MWh),33
219,12/10/2014,New South Wales,$/MWh),33
220,21/06/2015,New South Wales,$/MWh),33
221,24/07/2011,New South Wales,$/MWh),33
222,29/04/2012,New South Wales,$/MWh),33
223,3/5/2009,New South Wales,$/MWh),33
224,31/01/2016,New South Wales,$/MWh),33
225,7/12/2014,New South Wales,$/MWh),33
226,9/11/2008,New South Wales,$/MWh),33
227,1/11/2015,New South Wales,$/MWh),34
228,10/8/2014,New South Wales,$/MWh),34
229,13/02/2011,New South Wales,$/MWh),34
230,18/01/2015,New South Wales,$/MWh),34
231,19/04/2015,New South Wales,$/MWh),34
232,20/02/2011,New South Wales,$/MWh),34
233,21/02/2021,New South Wales,$/MWh),34
234,21/03/2010,New South Wales,$/MWh),34
235,21/09/2014,New South Wales,$/MWh),34
236,22/04/2012,New South Wales,$/MWh),34
237,24/01/2016,New South Wales,$/MWh),34
238,26/04/2020,New South Wales,$/MWh),34
239,27/12/2020,New South Wales,$/MWh),34
240,28/02/2021,New South Wales,$/MWh),34
241,3/6/2012,New South Wales,$/MWh),34
242,30/11/2014,New South Wales,$/MWh),34
243,5/10/2008,New South Wales,$/MWh),34
244,6/7/2008,New South Wales,$/MWh),34
245,7/8/2011,New South Wales,$/MWh),34
246,1/3/2015,New South Wales,$/MWh),35
247,14/03/2021,New South Wales,$/MWh),35
248,17/05/2015,New South Wales,$/MWh),35
249,17/08/2014,New South Wales,$/MWh),35
250,22/02/2015,New South Wales,$/MWh),35
251,23/08/2015,New South Wales,$/MWh),35
252,23/11/2014,New South Wales,$/MWh),35
253,25/10/2015,New South Wales,$/MWh),35
254,27/03/2016,New South Wales,$/MWh),35
255,27/11/2011,New South Wales,$/MWh),35
256,28/09/2008,New South Wales,$/MWh),35
257,29/03/2015,New South Wales,$/MWh),35
258,3/1/2021,New South Wales,$/MWh),35
259,31/01/2021,New South Wales,$/MWh),35
260,7/2/2021,New South Wales,$/MWh),35
261,10/5/2015,New South Wales,$/MWh),36
262,13/11/2011,New South Wales,$/MWh),36
263,14/06/2015,New South Wales,$/MWh),36
264,16/08/2015,New South Wales,$/MWh),36
265,19/04/2009,New South Wales,$/MWh),36
266,28/03/2021,New South Wales,$/MWh),36
267,28/06/2015,New South Wales,$/MWh),36
268,3/1/2016,New South Wales,$/MWh),36
269,3/8/2014,New South Wales,$/MWh),36
270,31/05/2009,New South Wales,$/MWh),36
271,5/7/2015,New South Wales,$/MWh),36
272,7/6/2015,New South Wales,$/MWh),36
273,8/11/2015,New South Wales,$/MWh),36
274,8/2/2015,New South Wales,$/MWh),36
275,9/1/2011,New South Wales,$/MWh),36
276,10/7/2011,New South Wales,$/MWh),37
277,14/02/2021,New South Wales,$/MWh),37
278,15/02/2015,New South Wales,$/MWh),37
279,15/06/2008,New South Wales,$/MWh),37
280,20/07/2014,New South Wales,$/MWh),37
281,26/07/2015,New South Wales,$/MWh),37
282,7/9/2008,New South Wales,$/MWh),37
283,9/8/2015,New South Wales,$/MWh),37
284,14/08/2016,New South Wales,$/MWh),38
285,17/06/2012,New South Wales,$/MWh),38
286,19/04/2020,New South Wales,$/MWh),38
287,19/07/2015,New South Wales,$/MWh),38
288,19/10/2008,New South Wales,$/MWh),38
289,24/08/2008,New South Wales,$/MWh),38
290,28/06/2020,New South Wales,$/MWh),38
291,3/5/2020,New South Wales,$/MWh),38
292,4/1/2009,New South Wales,$/MWh),38
293,4/10/2015,New South Wales,$/MWh),38
294,7/2/2016,New South Wales,$/MWh),38
295,10/6/2012,New South Wales,$/MWh),39
296,11/10/2015,New South Wales,$/MWh),39
297,14/02/2016,New South Wales,$/MWh),39
298,15/04/2012,New South Wales,$/MWh),39
299,17/01/2021,New South Wales,$/MWh),39
300,20/09/2020,New South Wales,$/MWh),39
301,21/09/2008,New South Wales,$/MWh),39
302,24/05/2015,New South Wales,$/MWh),39
303,24/06/2012,New South Wales,$/MWh),39
304,27/07/2008,New South Wales,$/MWh),39
305,29/03/2009,New South Wales,$/MWh),39
306,4/9/2016,New South Wales,$/MWh),39
307,6/9/2020,New South Wales,$/MWh),39
308,7/3/2021,New South Wales,$/MWh),39
309,26/01/2020,New South Wales,$/MWh),399
310,12/10/2008,New South Wales,$/MWh),40
311,14/06/2020,New South Wales,$/MWh),40
312,18/10/2015,New South Wales,$/MWh),40
313,27/09/2015,New South Wales,$/MWh),40
314,4/4/2021,New South Wales,$/MWh),40
315,12/4/2020,New South Wales,$/MWh),41
316,13/09/2015,New South Wales,$/MWh),41
317,13/09/2020,New South Wales,$/MWh),41
318,17/08/2008,New South Wales,$/MWh),41
319,2/11/2008,New South Wales,$/MWh),41
320,2/8/2015,New South Wales,$/MWh),41
321,24/01/2021,New South Wales,$/MWh),41
322,24/07/2016,New South Wales,$/MWh),41
323,29/11/2015,New South Wales,$/MWh),41
324,3/8/2008,New South Wales,$/MWh),41
325,31/08/2008,New South Wales,$/MWh),41
326,6/12/2015,New South Wales,$/MWh),41
327,6/9/2015,New South Wales,$/MWh),41
328,7/8/2016,New South Wales,$/MWh),41
329,8/6/2008,New South Wales,$/MWh),41
330,10/5/2020,New South Wales,$/MWh),42
331,14/09/2014,New South Wales,$/MWh),42
332,20/12/2020,New South Wales,$/MWh),42
333,8/3/2020,New South Wales,$/MWh),42
334,2/10/2016,New South Wales,$/MWh),43
335,21/06/2020,New South Wales,$/MWh),43
336,24/08/2014,New South Wales,$/MWh),43
337,25/09/2016,New South Wales,$/MWh),43
338,31/05/2015,New South Wales,$/MWh),43
339,5/4/2020,New South Wales,$/MWh),43
340,6/12/2020,New South Wales,$/MWh),43
341,12/4/2015,New South Wales,$/MWh),44
342,13/07/2014,New South Wales,$/MWh),44
343,17/07/2016,New South Wales,$/MWh),44
344,22/06/2008,New South Wales,$/MWh),44
345,27/09/2020,New South Wales,$/MWh),44
346,28/02/2016,New South Wales,$/MWh),44
347,30/08/2015,New South Wales,$/MWh),44
348,4/1/2015,New South Wales,$/MWh),44
349,7/9/2014,New South Wales,$/MWh),44
350,2/8/2020,New South Wales,$/MWh),45
351,20/12/2015,New South Wales,$/MWh),45
352,22/03/2020,New South Wales,$/MWh),45
353,30/08/2020,New South Wales,$/MWh),45
354,15/03/2020,New South Wales,$/MWh),46
355,16/11/2014,New South Wales,$/MWh),46
356,18/01/2009,New South Wales,$/MWh),46
357,20/03/2016,New South Wales,$/MWh),46
358,27/12/2015,New South Wales,$/MWh),46
359,31/05/2020,New South Wales,$/MWh),46
360,11/4/2021,New South Wales,$/MWh),47
361,11/9/2016,New South Wales,$/MWh),47
362,13/03/2016,New South Wales,$/MWh),47
363,16/08/2020,New South Wales,$/MWh),47
364,17/01/2016,New South Wales,$/MWh),47
365,18/12/2016,New South Wales,$/MWh),47
366,2/2/2020,New South Wales,$/MWh),47
367,22/11/2015,New South Wales,$/MWh),47
368,22/12/2019,New South Wales,$/MWh),47
369,24/05/2020,New South Wales,$/MWh),47
370,26/04/2009,New South Wales,$/MWh),47
371,26/04/2015,New South Wales,$/MWh),47
372,26/07/2020,New South Wales,$/MWh),47
373,5/7/2020,New South Wales,$/MWh),47
374,6/7/2014,New South Wales,$/MWh),47
375,12/1/2020,New South Wales,$/MWh),48
376,13/04/2014,New South Wales,$/MWh),48
377,2/3/2014,New South Wales,$/MWh),48
378,20/04/2014,New South Wales,$/MWh),48
379,22/06/2014,New South Wales,$/MWh),48
380,23/12/2012,New South Wales,$/MWh),48
381,28/08/2016,New South Wales,$/MWh),48
382,31/08/2014,New South Wales,$/MWh),48
383,5/7/2009,New South Wales,$/MWh),48
384,8/11/2020,New South Wales,$/MWh),48
385,23/03/2014,New South Wales,$/MWh),49
386,25/05/2014,New South Wales,$/MWh),49
387,30/12/2012,New South Wales,$/MWh),49
388,9/3/2014,New South Wales,$/MWh),49
389,9/8/2020,New South Wales,$/MWh),49
390,10/1/2021,New South Wales,$/MWh),50
391,10/11/2013,New South Wales,$/MWh),50
392,11/10/2020,New South Wales,$/MWh),50
393,11/5/2014,New South Wales,$/MWh),50
394,16/02/2014,New South Wales,$/MWh),50
395,16/03/2014,New South Wales,$/MWh),50
396,16/12/2012,New South Wales,$/MWh),50
397,17/05/2020,New South Wales,$/MWh),50
398,19/01/2014,New South Wales,$/MWh),50
399,2/2/2014,New South Wales,$/MWh),50
400,20/01/2013,New South Wales,$/MWh),50
401,21/02/2016,New South Wales,$/MWh),50
402,21/03/2021,New South Wales,$/MWh),50
403,23/02/2014,New South Wales,$/MWh),50
404,25/12/2016,New South Wales,$/MWh),50
405,26/01/2014,New South Wales,$/MWh),50
406,27/01/2013,New South Wales,$/MWh),50
407,27/04/2014,New South Wales,$/MWh),50
408,29/12/2013,New South Wales,$/MWh),50
409,3/11/2013,New South Wales,$/MWh),50
410,30/03/2014,New South Wales,$/MWh),50
411,5/1/2014,New South Wales,$/MWh),50
412,6/4/2014,New South Wales,$/MWh),50
413,8/6/2014,New South Wales,$/MWh),50
414,1/12/2013,New South Wales,$/MWh),51
415,1/12/2019,New South Wales,$/MWh),51
416,1/6/2014,New South Wales,$/MWh),51
417,10/8/2008,New South Wales,$/MWh),51
418,12/7/2015,New South Wales,$/MWh),51
419,13/10/2013,New South Wales,$/MWh),51
420,15/06/2014,New South Wales,$/MWh),51
421,17/03/2013,New South Wales,$/MWh),51
422,17/11/2013,New South Wales,$/MWh),51
423,18/09/2016,New South Wales,$/MWh),51
424,2/6/2013,New South Wales,$/MWh),51
425,23/02/2020,New South Wales,$/MWh),51
426,24/11/2013,New South Wales,$/MWh),51
427,27/10/2013,New South Wales,$/MWh),51
428,3/2/2013,New South Wales,$/MWh),51
429,31/03/2013,New South Wales,$/MWh),51
430,5/1/2020,New South Wales,$/MWh),51
431,9/12/2012,New South Wales,$/MWh),51
432,10/1/2010,New South Wales,$/MWh),52
433,11/12/2016,New South Wales,$/MWh),52
434,11/8/2013,New South Wales,$/MWh),52
435,12/7/2020,New South Wales,$/MWh),52
436,17/02/2013,New South Wales,$/MWh),52
437,18/11/2012,New South Wales,$/MWh),52
438,2/12/2012,New South Wales,$/MWh),52
439,22/12/2013,New South Wales,$/MWh),52
440,23/09/2012,New South Wales,$/MWh),52
441,25/10/2020,New South Wales,$/MWh),52
442,26/05/2013,New South Wales,$/MWh),52
443,29/09/2013,New South Wales,$/MWh),52
444,6/1/2013,New South Wales,$/MWh),52
445,6/10/2013,New South Wales,$/MWh),52
446,8/12/2013,New South Wales,$/MWh),52
447,8/9/2013,New South Wales,$/MWh),52
448,9/6/2013,New South Wales,$/MWh),52
449,1/11/2020,New South Wales,$/MWh),53
450,1/3/2020,New South Wales,$/MWh),53
451,1/9/2013,New South Wales,$/MWh),53
452,10/2/2013,New South Wales,$/MWh),53
453,11/11/2012,New South Wales,$/MWh),53
454,2/9/2012,New South Wales,$/MWh),53
455,20/10/2013,New South Wales,$/MWh),53
456,20/11/2016,New South Wales,$/MWh),53
457,21/04/2013,New South Wales,$/MWh),53
458,21/10/2012,New South Wales,$/MWh),53
459,22/09/2013,New South Wales,$/MWh),53
460,24/03/2013,New South Wales,$/MWh),53
461,27/06/2010,New South Wales,$/MWh),53
462,28/12/2014,New South Wales,$/MWh),53
463,29/03/2020,New South Wales,$/MWh),53
464,29/06/2014,New South Wales,$/MWh),53
465,4/11/2012,New South Wales,$/MWh),53
466,8/2/2009,New South Wales,$/MWh),53
467,9/2/2014,New South Wales,$/MWh),53
468,5/2/2017,New South Wales,$/MWh),533
469,10/3/2013,New South Wales,$/MWh),54
470,13/01/2013,New South Wales,$/MWh),54
471,14/07/2013,New South Wales,$/MWh),54
472,16/09/2012,New South Wales,$/MWh),54
473,26/08/2012,New South Wales,$/MWh),54
474,3/3/2013,New South Wales,$/MWh),54
475,30/09/2012,New South Wales,$/MWh),54
476,31/07/2016,New South Wales,$/MWh),54
477,4/5/2014,New South Wales,$/MWh),54
478,4/8/2013,New South Wales,$/MWh),54
479,6/3/2016,New South Wales,$/MWh),54
480,9/9/2012,New South Wales,$/MWh),54
481,1/5/2016,New South Wales,$/MWh),55
482,12/5/2013,New South Wales,$/MWh),55
483,13/12/2015,New South Wales,$/MWh),55
484,15/09/2013,New South Wales,$/MWh),55
485,18/05/2014,New South Wales,$/MWh),55
486,25/08/2013,New South Wales,$/MWh),55
487,28/07/2013,New South Wales,$/MWh),55
488,29/11/2020,New South Wales,$/MWh),55
489,30/06/2013,New South Wales,$/MWh),55
490,7/4/2013,New South Wales,$/MWh),55
491,15/12/2019,New South Wales,$/MWh),56
492,19/08/2012,New South Wales,$/MWh),56
493,2/5/2021,New South Wales,$/MWh),56
494,24/02/2013,New South Wales,$/MWh),56
495,28/10/2012,New South Wales,$/MWh),56
496,12/8/2012,New South Wales,$/MWh),57
497,14/04/2013,New South Wales,$/MWh),57
498,18/08/2013,New South Wales,$/MWh),57
499,19/05/2013,New South Wales,$/MWh),57
500,28/04/2013,New South Wales,$/MWh),57
501,5/5/2013,New South Wales,$/MWh),57
502,8/12/2019,New South Wales,$/MWh),57
503,6/11/2011,New South Wales,$/MWh),58
504,14/10/2012,New South Wales,$/MWh),59
505,16/10/2016,New South Wales,$/MWh),59
506,17/04/2016,New South Wales,$/MWh),59
507,30/10/2016,New South Wales,$/MWh),59
508,9/2/2020,New South Wales,$/MWh),59
509,16/02/2020,New South Wales,$/MWh),60
510,19/07/2020,New South Wales,$/MWh),60
511,5/8/2012,New South Wales,$/MWh),60
512,4/12/2016,New South Wales,$/MWh),61
513,8/5/2016,New South Wales,$/MWh),61
514,15/07/2012,New South Wales,$/MWh),62
515,21/07/2013,New South Wales,$/MWh),62
516,9/10/2016,New South Wales,$/MWh),62
517,30/01/2011,New South Wales,$/MWh),627
518,12/1/2014,New South Wales,$/MWh),63
519,16/06/2013,New South Wales,$/MWh),63
520,18/08/2019,New South Wales,$/MWh),63
521,29/04/2018,New South Wales,$/MWh),63
522,7/10/2012,New South Wales,$/MWh),63
523,9/5/2021,New South Wales,$/MWh),63
524,21/04/2019,New South Wales,$/MWh),64
525,23/06/2013,New South Wales,$/MWh),64
526,5/3/2017,New South Wales,$/MWh),64
527,7/7/2013,New South Wales,$/MWh),64
528,15/05/2016,New South Wales,$/MWh),65
529,21/02/2010,New South Wales,$/MWh),65
530,24/11/2019,New South Wales,$/MWh),65
531,4/3/2018,New South Wales,$/MWh),65
532,7/6/2009,New South Wales,$/MWh),65
533,23/10/2016,New South Wales,$/MWh),66
534,10/7/2016,New South Wales,$/MWh),67
535,25/03/2018,New South Wales,$/MWh),67
536,29/07/2012,New South Wales,$/MWh),67
537,8/7/2012,New South Wales,$/MWh),67
538,1/7/2018,New South Wales,$/MWh),68
539,11/3/2018,New South Wales,$/MWh),68
540,18/03/2018,New South Wales,$/MWh),68
541,22/07/2012,New South Wales,$/MWh),68
542,25/01/2009,New South Wales,$/MWh),68
543,3/4/2016,New South Wales,$/MWh),68
544,4/10/2020,New South Wales,$/MWh),68
545,6/5/2018,New South Wales,$/MWh),68
546,17/11/2019,New South Wales,$/MWh),69
547,21/07/2019,New South Wales,$/MWh),69
548,21/08/2016,New South Wales,$/MWh),69
549,22/11/2020,New South Wales,$/MWh),69
550,31/12/2017,New South Wales,$/MWh),69
551,8/8/2010,New South Wales,$/MWh),69
552,14/01/2018,New South Wales,$/MWh),70
553,3/11/2019,New South Wales,$/MWh),70
554,1/11/2009,New South Wales,$/MWh),71
555,24/12/2017,New South Wales,$/MWh),71
556,25/02/2018,New South Wales,$/MWh),71
557,27/11/2016,New South Wales,$/MWh),71
558,30/06/2019,New South Wales,$/MWh),71
559,12/11/2017,New South Wales,$/MWh),72
560,23/06/2019,New South Wales,$/MWh),72
561,23/08/2020,New South Wales,$/MWh),73
562,29/07/2018,New South Wales,$/MWh),73
563,10/11/2019,New South Wales,$/MWh),74
564,14/07/2019,New South Wales,$/MWh),74
565,18/02/2018,New South Wales,$/MWh),74
566,18/06/2017,New South Wales,$/MWh),74
567,22/04/2018,New South Wales,$/MWh),74
568,22/05/2016,New South Wales,$/MWh),74
569,28/07/2019,New South Wales,$/MWh),74
570,5/11/2017,New South Wales,$/MWh),74
571,1/7/2012,New South Wales,$/MWh),75
572,25/11/2012,New South Wales,$/MWh),75
573,28/04/2019,New South Wales,$/MWh),75
574,3/12/2017,New South Wales,$/MWh),75
575,31/01/2010,New South Wales,$/MWh),75
576,1/1/2017,New South Wales,$/MWh),76
577,22/01/2017,New South Wales,$/MWh),76
578,23/01/2011,New South Wales,$/MWh),76
579,24/04/2016,New South Wales,$/MWh),76
580,25/04/2021,New South Wales,$/MWh),76
581,4/2/2018,New South Wales,$/MWh),76
582,1/2/2009,New South Wales,$/MWh),77
583,10/4/2016,New South Wales,$/MWh),77
584,15/04/2018,New South Wales,$/MWh),77
585,2/12/2018,New South Wales,$/MWh),77
586,23/12/2018,New South Wales,$/MWh),77
587,28/01/2018,New South Wales,$/MWh),77
588,29/10/2017,New South Wales,$/MWh),77
589,7/6/2020,New South Wales,$/MWh),77
590,8/4/2018,New South Wales,$/MWh),77
591,1/10/2017,New South Wales,$/MWh),78
592,10/6/2018,New South Wales,$/MWh),78
593,21/05/2017,New South Wales,$/MWh),78
594,24/02/2019,New South Wales,$/MWh),78
595,24/09/2017,New South Wales,$/MWh),78
596,27/06/2021,New South Wales,$/MWh),78
597,11/2/2018,New South Wales,$/MWh),79
598,15/10/2017,New South Wales,$/MWh),79
599,18/11/2018,New South Wales,$/MWh),79
600,22/07/2018,New South Wales,$/MWh),79
601,26/02/2017,New South Wales,$/MWh),79
602,5/5/2019,New South Wales,$/MWh),79
603,7/7/2019,New South Wales,$/MWh),79
604,9/9/2018,New South Wales,$/MWh),79
605,18/10/2020,New South Wales,$/MWh),80
606,19/05/2019,New South Wales,$/MWh),80
607,20/07/2008,New South Wales,$/MWh),80
608,7/1/2018,New South Wales,$/MWh),80
609,1/9/2019,New South Wales,$/MWh),81
610,7/10/2018,New South Wales,$/MWh),81
611,9/6/2019,New South Wales,$/MWh),81
612,1/4/2018,New South Wales,$/MWh),82
613,15/07/2018,New South Wales,$/MWh),82
614,19/06/2016,New South Wales,$/MWh),82
615,21/10/2018,New South Wales,$/MWh),82
616,27/05/2018,New South Wales,$/MWh),82
617,10/12/2017,New South Wales,$/MWh),83
618,17/09/2017,New South Wales,$/MWh),83
619,18/04/2021,New South Wales,$/MWh),83
620,25/06/2017,New South Wales,$/MWh),83
621,6/1/2019,New South Wales,$/MWh),83
622,19/11/2017,New South Wales,$/MWh),84
623,30/09/2018,New South Wales,$/MWh),84
624,5/6/2016,New South Wales,$/MWh),84
625,11/6/2017,New South Wales,$/MWh),85
626,12/5/2019,New South Wales,$/MWh),85
627,12/8/2018,New South Wales,$/MWh),85
628,14/04/2019,New South Wales,$/MWh),85
629,20/10/2019,New South Wales,$/MWh),85
630,26/05/2019,New South Wales,$/MWh),85
631,4/8/2019,New South Wales,$/MWh),85
632,10/3/2019,New South Wales,$/MWh),86
633,11/11/2018,New South Wales,$/MWh),86
634,20/05/2018,New South Wales,$/MWh),86
635,7/4/2019,New South Wales,$/MWh),86
636,8/10/2017,New South Wales,$/MWh),86
637,8/7/2018,New South Wales,$/MWh),86
638,10/1/2016,New South Wales,$/MWh),87
639,11/1/2009,New South Wales,$/MWh),87
640,17/12/2017,New South Wales,$/MWh),87
641,23/09/2018,New South Wales,$/MWh),87
642,10/2/2019,New South Wales,$/MWh),88
643,21/01/2018,New South Wales,$/MWh),88
644,24/03/2019,New South Wales,$/MWh),88
645,31/03/2019,New South Wales,$/MWh),88
646,9/7/2017,New South Wales,$/MWh),88
647,15/11/2015,New South Wales,$/MWh),89
648,24/06/2018,New South Wales,$/MWh),89
649,11/8/2019,New South Wales,$/MWh),90
650,12/3/2017,New South Wales,$/MWh),90
651,15/01/2017,New South Wales,$/MWh),90
652,16/09/2018,New South Wales,$/MWh),90
653,28/10/2018,New South Wales,$/MWh),90
654,12/6/2016,New South Wales,$/MWh),91
655,14/05/2017,New South Wales,$/MWh),91
656,17/02/2019,New South Wales,$/MWh),91
657,2/7/2017,New South Wales,$/MWh),91
658,25/11/2018,New South Wales,$/MWh),91
659,5/8/2018,New South Wales,$/MWh),91
660,13/10/2019,New South Wales,$/MWh),92
661,16/06/2019,New South Wales,$/MWh),92
662,16/07/2017,New South Wales,$/MWh),92
663,26/11/2017,New South Wales,$/MWh),92
664,28/05/2017,New South Wales,$/MWh),92
665,3/3/2019,New South Wales,$/MWh),92
666,8/1/2017,New South Wales,$/MWh),92
667,10/9/2017,New South Wales,$/MWh),93
668,22/10/2017,New South Wales,$/MWh),93
669,30/12/2018,New South Wales,$/MWh),93
670,6/8/2017,New South Wales,$/MWh),93
671,3/9/2017,New South Wales,$/MWh),94
672,4/6/2017,New South Wales,$/MWh),94
673,6/11/2016,New South Wales,$/MWh),94
674,9/12/2018,New South Wales,$/MWh),94
675,13/05/2018,New South Wales,$/MWh),95
676,7/5/2017,New South Wales,$/MWh),95
677,13/08/2017,New South Wales,$/MWh),96
678,17/03/2019,New South Wales,$/MWh),96
679,8/9/2019,New South Wales,$/MWh),96
680,4/11/2018,New South Wales,$/MWh),97
681,19/01/2020,New South Wales,$/MWh),98
682,7/2/2010,New South Wales,$/MWh),98
683,20/06/2021,Queensland,$/MWh),100
684,22/09/2019,Queensland,$/MWh),101
685,27/01/2019,Queensland,$/MWh),102
686,3/7/2016,Queensland,$/MWh),102
687,19/03/2017,Queensland,$/MWh),103
688,29/12/2013,Queensland,$/MWh),103
689,4/11/2018,Queensland,$/MWh),103
690,13/01/2019,Queensland,$/MWh),104
691,20/01/2019,Queensland,$/MWh),105
692,26/01/2020,Queensland,$/MWh),105
693,26/06/2016,Queensland,$/MWh),105
694,9/4/2017,Queensland,$/MWh),105
695,8/10/2017,Queensland,$/MWh),107
696,2/9/2018,Queensland,$/MWh),109
697,19/01/2014,Queensland,$/MWh),111
698,3/6/2018,Queensland,$/MWh),111
699,26/03/2017,Queensland,$/MWh),112
700,22/01/2017,Queensland,$/MWh),113
701,18/01/2015,Queensland,$/MWh),118
702,13/03/2016,Queensland,$/MWh),120
703,29/05/2016,Queensland,$/MWh),124
704,31/01/2016,Queensland,$/MWh),126
705,2/6/2019,Queensland,$/MWh),130
706,22/11/2009,Queensland,$/MWh),137
707,31/10/2010,Queensland,$/MWh),14
708,15/01/2017,Queensland,$/MWh),144
709,16/02/2014,Queensland,$/MWh),150
710,8/8/2010,Queensland,$/MWh),16
711,7/12/2014,Queensland,$/MWh),164
712,12/10/2014,Queensland,$/MWh),18
713,14/11/2010,Queensland,$/MWh),18
714,19/12/2010,Queensland,$/MWh),18
715,21/11/2010,Queensland,$/MWh),18
716,28/09/2014,Queensland,$/MWh),18
717,15/11/2009,Queensland,$/MWh),187
718,17/01/2010,Queensland,$/MWh),188
719,23/05/2010,Queensland,$/MWh),19
720,24/10/2010,Queensland,$/MWh),19
721,27/01/2013,Queensland,$/MWh),198
722,11/7/2010,Queensland,$/MWh),20
723,12/9/2010,Queensland,$/MWh),20
724,13/06/2010,Queensland,$/MWh),20
725,25/07/2010,Queensland,$/MWh),20
726,10/10/2010,Queensland,$/MWh),21
727,15/08/2010,Queensland,$/MWh),21
728,16/05/2010,Queensland,$/MWh),21
729,17/10/2010,Queensland,$/MWh),21
730,2/5/2010,Queensland,$/MWh),21
731,20/06/2010,Queensland,$/MWh),21
732,25/04/2010,Queensland,$/MWh),21
733,26/12/2010,Queensland,$/MWh),21
734,28/11/2010,Queensland,$/MWh),21
735,3/10/2010,Queensland,$/MWh),21
736,4/4/2010,Queensland,$/MWh),21
737,5/10/2014,Queensland,$/MWh),21
738,7/11/2010,Queensland,$/MWh),21
739,6/1/2013,Queensland,$/MWh),218
740,1/8/2010,Queensland,$/MWh),22
741,11/4/2010,Queensland,$/MWh),22
742,19/09/2010,Queensland,$/MWh),22
743,23/08/2009,Queensland,$/MWh),22
744,26/09/2010,Queensland,$/MWh),22
745,28/02/2010,Queensland,$/MWh),22
746,28/03/2010,Queensland,$/MWh),22
747,30/05/2010,Queensland,$/MWh),22
748,4/7/2010,Queensland,$/MWh),22
749,5/12/2010,Queensland,$/MWh),22
750,5/9/2010,Queensland,$/MWh),22
751,13/01/2013,Queensland,$/MWh),223
752,12/2/2017,Queensland,$/MWh),228
753,10/8/2014,Queensland,$/MWh),23
754,13/07/2008,Queensland,$/MWh),23
755,14/03/2010,Queensland,$/MWh),23
756,18/04/2010,Queensland,$/MWh),23
757,20/12/2009,Queensland,$/MWh),23
758,26/04/2020,Queensland,$/MWh),23
759,26/06/2011,Queensland,$/MWh),23
760,27/12/2009,Queensland,$/MWh),23
761,29/08/2010,Queensland,$/MWh),23
762,29/11/2009,Queensland,$/MWh),23
763,30/08/2009,Queensland,$/MWh),23
764,8/3/2009,Queensland,$/MWh),23
765,13/06/2021,Queensland,$/MWh),238
766,13/09/2009,Queensland,$/MWh),24
767,15/01/2012,Queensland,$/MWh),24
768,18/07/2010,Queensland,$/MWh),24
769,19/07/2009,Queensland,$/MWh),24
770,20/09/2009,Queensland,$/MWh),24
771,21/03/2010,Queensland,$/MWh),24
772,21/06/2009,Queensland,$/MWh),24
773,21/12/2014,Queensland,$/MWh),24
774,22/03/2009,Queensland,$/MWh),24
775,24/04/2011,Queensland,$/MWh),24
776,25/03/2012,Queensland,$/MWh),24
777,25/10/2009,Queensland,$/MWh),24
778,25/12/2011,Queensland,$/MWh),24
779,27/03/2011,Queensland,$/MWh),24
780,27/07/2014,Queensland,$/MWh),24
781,29/05/2011,Queensland,$/MWh),24
782,3/7/2011,Queensland,$/MWh),24
783,6/3/2011,Queensland,$/MWh),24
784,9/8/2009,Queensland,$/MWh),24
785,13/03/2011,Queensland,$/MWh),25
786,13/05/2012,Queensland,$/MWh),25
787,14/06/2009,Queensland,$/MWh),25
788,16/08/2009,Queensland,$/MWh),25
789,17/08/2014,Queensland,$/MWh),25
790,18/10/2009,Queensland,$/MWh),25
791,21/02/2010,Queensland,$/MWh),25
792,21/09/2014,Queensland,$/MWh),25
793,22/01/2012,Queensland,$/MWh),25
794,22/08/2010,Queensland,$/MWh),25
795,24/05/2009,Queensland,$/MWh),25
796,3/1/2010,Queensland,$/MWh),25
797,5/4/2015,Queensland,$/MWh),25
798,6/5/2012,Queensland,$/MWh),25
799,6/6/2010,Queensland,$/MWh),25
800,8/11/2009,Queensland,$/MWh),25
801,1/1/2012,Queensland,$/MWh),26
802,11/12/2011,Queensland,$/MWh),26
803,11/3/2012,Queensland,$/MWh),26
804,13/09/2020,Queensland,$/MWh),26
805,14/12/2008,Queensland,$/MWh),26
806,16/10/2011,Queensland,$/MWh),26
807,17/04/2011,Queensland,$/MWh),26
808,17/07/2011,Queensland,$/MWh),26
809,18/03/2012,Queensland,$/MWh),26
810,2/11/2014,Queensland,$/MWh),26
811,2/8/2009,Queensland,$/MWh),26
812,20/05/2012,Queensland,$/MWh),26
813,20/09/2020,Queensland,$/MWh),26
814,23/11/2008,Queensland,$/MWh),26
815,26/07/2009,Queensland,$/MWh),26
816,27/05/2012,Queensland,$/MWh),26
817,28/06/2009,Queensland,$/MWh),26
818,3/4/2011,Queensland,$/MWh),26
819,8/5/2011,Queensland,$/MWh),26
820,9/5/2010,Queensland,$/MWh),26
821,1/2/2015,Queensland,$/MWh),27
822,1/4/2012,Queensland,$/MWh),27
823,10/4/2011,Queensland,$/MWh),27
824,11/10/2009,Queensland,$/MWh),27
825,12/6/2011,Queensland,$/MWh),27
826,18/12/2011,Queensland,$/MWh),27
827,19/06/2011,Queensland,$/MWh),27
828,21/06/2015,Queensland,$/MWh),27
829,22/02/2009,Queensland,$/MWh),27
830,25/09/2011,Queensland,$/MWh),27
831,27/09/2020,Queensland,$/MWh),27
832,28/12/2008,Queensland,$/MWh),27
833,29/06/2008,Queensland,$/MWh),27
834,3/8/2014,Queensland,$/MWh),27
835,30/10/2011,Queensland,$/MWh),27
836,4/12/2011,Queensland,$/MWh),27
837,5/4/2009,Queensland,$/MWh),27
838,5/6/2011,Queensland,$/MWh),27
839,6/9/2009,Queensland,$/MWh),27
840,7/9/2008,Queensland,$/MWh),27
841,8/4/2012,Queensland,$/MWh),27
842,14/02/2016,Queensland,$/MWh),277
843,1/3/2009,Queensland,$/MWh),28
844,1/5/2011,Queensland,$/MWh),28
845,17/05/2009,Queensland,$/MWh),28
846,18/09/2011,Queensland,$/MWh),28
847,2/1/2011,Queensland,$/MWh),28
848,2/10/2011,Queensland,$/MWh),28
849,21/08/2011,Queensland,$/MWh),28
850,27/06/2010,Queensland,$/MWh),28
851,27/09/2009,Queensland,$/MWh),28
852,28/06/2015,Queensland,$/MWh),28
853,3/5/2020,Queensland,$/MWh),28
854,31/01/2010,Queensland,$/MWh),28
855,31/05/2009,Queensland,$/MWh),28
856,31/07/2011,Queensland,$/MWh),28
857,8/2/2015,Queensland,$/MWh),28
858,9/10/2011,Queensland,$/MWh),28
859,10/1/2010,Queensland,$/MWh),29
860,10/5/2009,Queensland,$/MWh),29
861,11/9/2011,Queensland,$/MWh),29
862,12/4/2009,Queensland,$/MWh),29
863,12/7/2009,Queensland,$/MWh),29
864,19/10/2014,Queensland,$/MWh),29
865,22/05/2011,Queensland,$/MWh),29
866,23/10/2011,Queensland,$/MWh),29
867,24/07/2011,Queensland,$/MWh),29
868,28/03/2021,Queensland,$/MWh),29
869,28/06/2020,Queensland,$/MWh),29
870,28/08/2011,Queensland,$/MWh),29
871,29/04/2012,Queensland,$/MWh),29
872,5/2/2012,Queensland,$/MWh),29
873,6/6/2021,Queensland,$/MWh),291
874,12/2/2012,Queensland,$/MWh),30
875,14/06/2015,Queensland,$/MWh),30
876,14/08/2011,Queensland,$/MWh),30
877,15/05/2011,Queensland,$/MWh),30
878,17/05/2015,Queensland,$/MWh),30
879,19/04/2015,Queensland,$/MWh),30
880,21/06/2020,Queensland,$/MWh),30
881,22/04/2012,Queensland,$/MWh),30
882,3/5/2015,Queensland,$/MWh),30
883,30/11/2014,Queensland,$/MWh),30
884,6/7/2008,Queensland,$/MWh),30
885,7/2/2010,Queensland,$/MWh),30
886,9/8/2020,Queensland,$/MWh),30
887,1/11/2015,Queensland,$/MWh),31
888,10/5/2015,Queensland,$/MWh),31
889,12/12/2010,Queensland,$/MWh),31
890,14/06/2020,Queensland,$/MWh),31
891,16/08/2020,Queensland,$/MWh),31
892,20/11/2011,Queensland,$/MWh),31
893,27/02/2011,Queensland,$/MWh),31
894,3/5/2009,Queensland,$/MWh),31
895,3/6/2012,Queensland,$/MWh),31
896,6/9/2020,Queensland,$/MWh),31
897,10/7/2011,Queensland,$/MWh),32
898,13/02/2011,Queensland,$/MWh),32
899,20/07/2014,Queensland,$/MWh),32
900,21/12/2008,Queensland,$/MWh),32
901,26/02/2012,Queensland,$/MWh),32
902,26/10/2014,Queensland,$/MWh),32
903,29/03/2009,Queensland,$/MWh),32
904,4/10/2009,Queensland,$/MWh),32
905,4/3/2012,Queensland,$/MWh),32
906,5/7/2015,Queensland,$/MWh),32
907,6/2/2011,Queensland,$/MWh),32
908,7/8/2011,Queensland,$/MWh),32
909,9/11/2008,Queensland,$/MWh),32
910,11/1/2015,Queensland,$/MWh),327
911,1/9/2019,Queensland,$/MWh),33
912,14/09/2008,Queensland,$/MWh),33
913,15/03/2020,Queensland,$/MWh),33
914,20/02/2011,Queensland,$/MWh),33
915,23/08/2015,Queensland,$/MWh),33
916,24/08/2008,Queensland,$/MWh),33
917,24/08/2014,Queensland,$/MWh),33
918,26/07/2020,Queensland,$/MWh),33
919,28/09/2008,Queensland,$/MWh),33
920,29/03/2015,Queensland,$/MWh),33
921,5/10/2008,Queensland,$/MWh),33
922,7/3/2010,Queensland,$/MWh),33
923,7/6/2015,Queensland,$/MWh),33
924,8/11/2015,Queensland,$/MWh),33
925,10/5/2020,Queensland,$/MWh),34
926,13/11/2011,Queensland,$/MWh),34
927,15/03/2009,Queensland,$/MWh),34
928,15/04/2012,Queensland,$/MWh),34
929,19/04/2009,Queensland,$/MWh),34
930,30/08/2020,Queensland,$/MWh),34
931,30/11/2008,Queensland,$/MWh),34
932,31/08/2008,Queensland,$/MWh),34
933,4/1/2009,Queensland,$/MWh),34
934,4/9/2011,Queensland,$/MWh),34
935,5/7/2009,Queensland,$/MWh),34
936,9/11/2014,Queensland,$/MWh),34
937,14/12/2014,Queensland,$/MWh),345
938,23/05/2021,Queensland,$/MWh),347
939,12/10/2008,Queensland,$/MWh),35
940,15/06/2008,Queensland,$/MWh),35
941,19/10/2008,Queensland,$/MWh),35
942,2/8/2020,Queensland,$/MWh),35
943,21/09/2008,Queensland,$/MWh),35
944,23/08/2020,Queensland,$/MWh),35
945,24/05/2015,Queensland,$/MWh),35
946,27/11/2011,Queensland,$/MWh),35
947,29/06/2014,Queensland,$/MWh),35
948,4/10/2020,Queensland,$/MWh),35
949,10/6/2012,Queensland,$/MWh),36
950,14/02/2021,Queensland,$/MWh),36
951,18/10/2020,Queensland,$/MWh),36
952,24/01/2010,Queensland,$/MWh),36
953,25/10/2015,Queensland,$/MWh),36
954,27/07/2008,Queensland,$/MWh),36
955,29/01/2012,Queensland,$/MWh),36
956,3/8/2008,Queensland,$/MWh),36
957,4/10/2015,Queensland,$/MWh),36
958,29/01/2017,Queensland,$/MWh),361
959,30/05/2021,Queensland,$/MWh),367
960,11/10/2020,Queensland,$/MWh),37
961,15/02/2015,Queensland,$/MWh),37
962,17/06/2012,Queensland,$/MWh),37
963,17/08/2008,Queensland,$/MWh),37
964,19/04/2020,Queensland,$/MWh),37
965,20/03/2011,Queensland,$/MWh),37
966,26/04/2015,Queensland,$/MWh),37
967,5/4/2020,Queensland,$/MWh),37
968,7/9/2014,Queensland,$/MWh),37
969,8/11/2020,Queensland,$/MWh),37
970,8/6/2008,Queensland,$/MWh),37
971,9/8/2015,Queensland,$/MWh),37
972,11/10/2015,Queensland,$/MWh),38
973,13/07/2014,Queensland,$/MWh),38
974,17/01/2021,Queensland,$/MWh),38
975,27/09/2015,Queensland,$/MWh),38
976,31/05/2020,Queensland,$/MWh),38
977,8/3/2020,Queensland,$/MWh),38
978,12/4/2020,Queensland,$/MWh),39
979,14/08/2016,Queensland,$/MWh),39
980,22/03/2020,Queensland,$/MWh),39
981,24/06/2012,Queensland,$/MWh),39
982,24/07/2016,Queensland,$/MWh),39
983,31/01/2021,Queensland,$/MWh),39
984,7/8/2016,Queensland,$/MWh),39
985,9/1/2011,Queensland,$/MWh),39
986,12/4/2015,Queensland,$/MWh),40
987,18/10/2015,Queensland,$/MWh),40
988,19/02/2012,Queensland,$/MWh),40
989,24/05/2020,Queensland,$/MWh),40
990,26/04/2009,Queensland,$/MWh),40
991,3/1/2021,Queensland,$/MWh),40
992,30/01/2011,Queensland,$/MWh),400
993,13/09/2015,Queensland,$/MWh),41
994,17/05/2020,Queensland,$/MWh),41
995,30/08/2015,Queensland,$/MWh),41
996,31/05/2015,Queensland,$/MWh),41
997,31/08/2014,Queensland,$/MWh),41
998,6/7/2014,Queensland,$/MWh),41
999,1/2/2009,Queensland,$/MWh),42
1000,15/02/2009,Queensland,$/MWh),42
1001,2/11/2008,Queensland,$/MWh),42
1002,25/09/2016,Queensland,$/MWh),42
1003,27/03/2016,Queensland,$/MWh),42
1004,5/7/2020,Queensland,$/MWh),42
1005,6/11/2011,Queensland,$/MWh),42
1006,6/12/2015,Queensland,$/MWh),42
1007,1/3/2015,Queensland,$/MWh),420
1008,14/09/2014,Queensland,$/MWh),43
1009,16/08/2015,Queensland,$/MWh),43
1010,17/07/2016,Queensland,$/MWh),43
1011,27/12/2015,Queensland,$/MWh),43
1012,27/12/2020,Queensland,$/MWh),43
1013,29/11/2015,Queensland,$/MWh),43
1014,11/4/2021,Queensland,$/MWh),44
1015,14/03/2021,Queensland,$/MWh),44
1016,2/10/2016,Queensland,$/MWh),44
1017,22/03/2015,Queensland,$/MWh),44
1018,23/11/2014,Queensland,$/MWh),44
1019,6/12/2020,Queensland,$/MWh),44
1020,7/2/2021,Queensland,$/MWh),44
1021,7/6/2020,Queensland,$/MWh),44
1022,10/1/2021,Queensland,$/MWh),45
1023,12/7/2020,Queensland,$/MWh),45
1024,13/12/2009,Queensland,$/MWh),45
1025,18/01/2009,Queensland,$/MWh),45
1026,19/07/2015,Queensland,$/MWh),45
1027,20/12/2015,Queensland,$/MWh),45
1028,25/10/2020,Queensland,$/MWh),45
1029,26/07/2015,Queensland,$/MWh),45
1030,12/1/2020,Queensland,$/MWh),46
1031,13/04/2014,Queensland,$/MWh),46
1032,22/06/2014,Queensland,$/MWh),46
1033,25/04/2021,Queensland,$/MWh),46
1034,29/03/2020,Queensland,$/MWh),46
1035,3/1/2016,Queensland,$/MWh),46
1036,6/12/2009,Queensland,$/MWh),46
1037,5/2/2017,Queensland,$/MWh),468
1038,1/11/2020,Queensland,$/MWh),47
1039,10/8/2008,Queensland,$/MWh),47
1040,11/9/2016,Queensland,$/MWh),47
1041,18/09/2016,Queensland,$/MWh),47
1042,19/07/2020,Queensland,$/MWh),47
1043,22/12/2019,Queensland,$/MWh),47
1044,23/01/2011,Queensland,$/MWh),47
1045,25/01/2015,Queensland,$/MWh),47
1046,26/01/2014,Queensland,$/MWh),47
1047,6/9/2015,Queensland,$/MWh),47
1048,17/01/2016,Queensland,$/MWh),48
1049,18/05/2014,Queensland,$/MWh),48
1050,18/08/2019,Queensland,$/MWh),48
1051,22/02/2015,Queensland,$/MWh),48
1052,23/09/2012,Queensland,$/MWh),48
1053,23/12/2012,Queensland,$/MWh),48
1054,24/01/2021,Queensland,$/MWh),48
1055,4/9/2016,Queensland,$/MWh),48
1056,7/2/2016,Queensland,$/MWh),48
1057,9/3/2014,Queensland,$/MWh),48
1058,11/5/2014,Queensland,$/MWh),49
1059,2/3/2014,Queensland,$/MWh),49
1060,21/03/2021,Queensland,$/MWh),49
1061,23/02/2020,Queensland,$/MWh),49
1062,25/05/2014,Queensland,$/MWh),49
1063,26/08/2012,Queensland,$/MWh),49
1064,28/12/2014,Queensland,$/MWh),49
1065,30/09/2012,Queensland,$/MWh),49
1066,6/4/2014,Queensland,$/MWh),49
1067,8/6/2014,Queensland,$/MWh),49
1068,1/6/2014,Queensland,$/MWh),50
1069,11/11/2012,Queensland,$/MWh),50
1070,14/10/2012,Queensland,$/MWh),50
1071,2/2/2014,Queensland,$/MWh),50
1072,20/04/2014,Queensland,$/MWh),50
1073,23/02/2014,Queensland,$/MWh),50
1074,23/03/2014,Queensland,$/MWh),50
1075,28/10/2012,Queensland,$/MWh),50
1076,9/12/2012,Queensland,$/MWh),50
1077,8/1/2017,Queensland,$/MWh),508
1078,11/1/2009,Queensland,$/MWh),51
1079,18/11/2012,Queensland,$/MWh),51
1080,2/2/2020,Queensland,$/MWh),51
1081,30/03/2014,Queensland,$/MWh),51
1082,4/11/2012,Queensland,$/MWh),51
1083,8/9/2019,Queensland,$/MWh),51
1084,11/8/2013,Queensland,$/MWh),52
1085,13/12/2015,Queensland,$/MWh),52
1086,16/09/2012,Queensland,$/MWh),52
1087,19/08/2012,Queensland,$/MWh),52
1088,20/09/2015,Queensland,$/MWh),52
1089,21/02/2021,Queensland,$/MWh),52
1090,22/11/2015,Queensland,$/MWh),52
1091,28/08/2016,Queensland,$/MWh),52
1092,3/2/2013,Queensland,$/MWh),52
1093,31/07/2016,Queensland,$/MWh),52
1094,5/1/2020,Queensland,$/MWh),52
1095,7/12/2008,Queensland,$/MWh),52
1096,2/6/2013,Queensland,$/MWh),53
1097,25/01/2009,Queensland,$/MWh),53
1098,28/02/2021,Queensland,$/MWh),53
1099,3/11/2013,Queensland,$/MWh),53
1100,10/11/2013,Queensland,$/MWh),54
1101,12/8/2012,Queensland,$/MWh),54
1102,13/10/2013,Queensland,$/MWh),54
1103,15/11/2020,Queensland,$/MWh),54
1104,17/02/2013,Queensland,$/MWh),54
1105,21/10/2012,Queensland,$/MWh),54
1106,29/09/2013,Queensland,$/MWh),54
1107,31/03/2013,Queensland,$/MWh),54
1108,4/8/2013,Queensland,$/MWh),54
1109,8/2/2009,Queensland,$/MWh),54
1110,9/6/2013,Queensland,$/MWh),54
1111,1/12/2013,Queensland,$/MWh),55
1112,2/5/2021,Queensland,$/MWh),55
1113,21/04/2013,Queensland,$/MWh),55
1114,22/09/2013,Queensland,$/MWh),55
1115,22/11/2020,Queensland,$/MWh),55
1116,24/11/2013,Queensland,$/MWh),55
1117,27/04/2014,Queensland,$/MWh),55
1118,27/10/2013,Queensland,$/MWh),55
1119,6/10/2013,Queensland,$/MWh),55
1120,6/3/2016,Queensland,$/MWh),55
1121,7/4/2013,Queensland,$/MWh),55
1122,8/1/2012,Queensland,$/MWh),55
1123,8/9/2013,Queensland,$/MWh),55
1124,12/5/2013,Queensland,$/MWh),56
1125,14/07/2013,Queensland,$/MWh),56
1126,15/12/2019,Queensland,$/MWh),56
1127,16/03/2014,Queensland,$/MWh),56
1128,2/9/2012,Queensland,$/MWh),56
1129,20/11/2016,Queensland,$/MWh),56
1130,30/06/2013,Queensland,$/MWh),56
1131,8/12/2013,Queensland,$/MWh),56
1132,9/2/2020,Queensland,$/MWh),56
1133,1/11/2009,Queensland,$/MWh),57
1134,1/12/2019,Queensland,$/MWh),57
1135,12/1/2014,Queensland,$/MWh),57
1136,15/09/2013,Queensland,$/MWh),57
1137,15/12/2013,Queensland,$/MWh),57
1138,29/11/2020,Queensland,$/MWh),57
1139,5/5/2013,Queensland,$/MWh),57
1140,9/9/2012,Queensland,$/MWh),57
1141,16/10/2016,Queensland,$/MWh),58
1142,2/8/2015,Queensland,$/MWh),58
1143,23/12/2018,Queensland,$/MWh),58
1144,28/07/2013,Queensland,$/MWh),58
1145,5/8/2012,Queensland,$/MWh),58
1146,9/10/2016,Queensland,$/MWh),58
1147,10/11/2019,Queensland,$/MWh),59
1148,14/04/2013,Queensland,$/MWh),59
1149,17/11/2013,Queensland,$/MWh),59
1150,19/05/2013,Queensland,$/MWh),59
1151,21/04/2019,Queensland,$/MWh),59
1152,22/10/2017,Queensland,$/MWh),59
1153,29/04/2018,Queensland,$/MWh),59
1154,3/11/2019,Queensland,$/MWh),59
1155,30/10/2016,Queensland,$/MWh),59
1156,4/5/2014,Queensland,$/MWh),59
1157,7/3/2021,Queensland,$/MWh),59
1158,7/6/2009,Queensland,$/MWh),59
1159,1/3/2020,Queensland,$/MWh),60
1160,15/07/2012,Queensland,$/MWh),60
1161,22/06/2008,Queensland,$/MWh),60
1162,22/12/2013,Queensland,$/MWh),60
1163,30/12/2012,Queensland,$/MWh),60
1164,6/5/2018,Queensland,$/MWh),60
1165,7/10/2012,Queensland,$/MWh),60
1166,11/3/2018,Queensland,$/MWh),61
1167,16/02/2020,Queensland,$/MWh),61
1168,18/12/2016,Queensland,$/MWh),61
1169,21/07/2019,Queensland,$/MWh),61
1170,28/04/2013,Queensland,$/MWh),61
1171,3/3/2013,Queensland,$/MWh),61
1172,8/4/2018,Queensland,$/MWh),61
1173,1/9/2013,Queensland,$/MWh),62
1174,10/7/2016,Queensland,$/MWh),62
1175,17/04/2016,Queensland,$/MWh),62
1176,20/12/2020,Queensland,$/MWh),62
1177,23/10/2016,Queensland,$/MWh),62
1178,25/03/2018,Queensland,$/MWh),62
1179,26/05/2013,Queensland,$/MWh),62
1180,4/3/2018,Queensland,$/MWh),62
1181,10/1/2016,Queensland,$/MWh),63
1182,12/11/2017,Queensland,$/MWh),63
1183,16/05/2021,Queensland,$/MWh),63
1184,29/09/2019,Queensland,$/MWh),63
1185,4/4/2021,Queensland,$/MWh),63
1186,8/7/2012,Queensland,$/MWh),63
1187,16/11/2008,Queensland,$/MWh),64
1188,18/03/2018,Queensland,$/MWh),64
1189,23/06/2013,Queensland,$/MWh),64
1190,24/11/2019,Queensland,$/MWh),64
1191,25/08/2013,Queensland,$/MWh),64
1192,29/12/2019,Queensland,$/MWh),64
1193,3/4/2016,Queensland,$/MWh),64
1194,5/1/2014,Queensland,$/MWh),64
1195,8/5/2016,Queensland,$/MWh),64
1196,1/7/2018,Queensland,$/MWh),65
1197,10/2/2013,Queensland,$/MWh),65
1198,15/04/2018,Queensland,$/MWh),65
1199,15/06/2014,Queensland,$/MWh),65
1200,15/09/2019,Queensland,$/MWh),65
1201,29/07/2012,Queensland,$/MWh),65
1202,5/3/2017,Queensland,$/MWh),65
1203,7/7/2013,Queensland,$/MWh),65
1204,1/4/2018,Queensland,$/MWh),66
1205,14/01/2018,Queensland,$/MWh),66
1206,17/11/2019,Queensland,$/MWh),66
1207,19/11/2017,Queensland,$/MWh),66
1208,24/01/2016,Queensland,$/MWh),66
1209,30/06/2019,Queensland,$/MWh),66
1210,4/1/2015,Queensland,$/MWh),66
1211,6/10/2019,Queensland,$/MWh),66
1212,10/6/2018,Queensland,$/MWh),67
1213,15/03/2015,Queensland,$/MWh),67
1214,15/05/2016,Queensland,$/MWh),67
1215,2/12/2012,Queensland,$/MWh),67
1216,21/08/2016,Queensland,$/MWh),67
1217,22/04/2018,Queensland,$/MWh),67
1218,4/2/2018,Queensland,$/MWh),67
1219,1/7/2012,Queensland,$/MWh),68
1220,18/06/2017,Queensland,$/MWh),68
1221,24/02/2013,Queensland,$/MWh),68
1222,26/11/2017,Queensland,$/MWh),68
1223,28/07/2019,Queensland,$/MWh),68
1224,5/11/2017,Queensland,$/MWh),68
1225,8/12/2019,Queensland,$/MWh),68
1226,15/10/2017,Queensland,$/MWh),69
1227,22/07/2012,Queensland,$/MWh),69
1228,24/02/2019,Queensland,$/MWh),69
1229,25/08/2019,Queensland,$/MWh),69
1230,25/11/2012,Queensland,$/MWh),69
1231,31/12/2017,Queensland,$/MWh),69
1232,1/5/2016,Queensland,$/MWh),70
1233,13/05/2018,Queensland,$/MWh),70
1234,15/11/2015,Queensland,$/MWh),70
1235,22/05/2016,Queensland,$/MWh),70
1236,23/06/2019,Queensland,$/MWh),70
1237,25/12/2016,Queensland,$/MWh),70
1238,26/10/2008,Queensland,$/MWh),70
1239,29/07/2018,Queensland,$/MWh),70
1240,29/10/2017,Queensland,$/MWh),70
1241,3/12/2017,Queensland,$/MWh),70
1242,4/8/2019,Queensland,$/MWh),70
1243,7/7/2019,Queensland,$/MWh),70
1244,13/12/2020,Queensland,$/MWh),71
1245,14/04/2019,Queensland,$/MWh),71
1246,19/05/2019,Queensland,$/MWh),71
1247,19/06/2016,Queensland,$/MWh),71
1248,21/07/2013,Queensland,$/MWh),71
1249,27/11/2016,Queensland,$/MWh),71
1250,28/01/2018,Queensland,$/MWh),71
1251,4/12/2016,Queensland,$/MWh),71
1252,9/9/2018,Queensland,$/MWh),71
1253,10/12/2017,Queensland,$/MWh),72
1254,11/8/2019,Queensland,$/MWh),72
1255,13/11/2016,Queensland,$/MWh),72
1256,16/11/2014,Queensland,$/MWh),72
1257,18/02/2018,Queensland,$/MWh),72
1258,20/05/2018,Queensland,$/MWh),72
1259,20/07/2008,Queensland,$/MWh),73
1260,22/07/2018,Queensland,$/MWh),73
1261,24/12/2017,Queensland,$/MWh),73
1262,25/02/2018,Queensland,$/MWh),73
1263,5/5/2019,Queensland,$/MWh),73
1264,9/5/2021,Queensland,$/MWh),73
1265,9/7/2017,Queensland,$/MWh),73
1266,16/01/2011,Queensland,$/MWh),74
1267,27/05/2018,Queensland,$/MWh),74
1268,28/04/2019,Queensland,$/MWh),74
1269,30/09/2018,Queensland,$/MWh),74
1270,31/03/2019,Queensland,$/MWh),74
1271,9/6/2019,Queensland,$/MWh),74
1272,13/08/2017,Queensland,$/MWh),75
1273,14/07/2019,Queensland,$/MWh),75
1274,15/07/2018,Queensland,$/MWh),75
1275,17/09/2017,Queensland,$/MWh),75
1276,21/05/2017,Queensland,$/MWh),75
1277,23/09/2018,Queensland,$/MWh),75
1278,2/7/2017,Queensland,$/MWh),76
1279,20/03/2016,Queensland,$/MWh),76
1280,25/06/2017,Queensland,$/MWh),76
1281,5/6/2016,Queensland,$/MWh),76
1282,7/10/2018,Queensland,$/MWh),76
1283,7/4/2019,Queensland,$/MWh),76
1284,8/3/2015,Queensland,$/MWh),76
1285,8/7/2018,Queensland,$/MWh),76
1286,10/4/2016,Queensland,$/MWh),77
1287,12/5/2019,Queensland,$/MWh),77
1288,12/8/2018,Queensland,$/MWh),77
1289,2/12/2018,Queensland,$/MWh),77
1290,20/10/2019,Queensland,$/MWh),77
1291,6/8/2017,Queensland,$/MWh),77
1292,10/3/2013,Queensland,$/MWh),78
1293,11/6/2017,Queensland,$/MWh),78
1294,17/12/2017,Queensland,$/MWh),78
1295,21/10/2018,Queensland,$/MWh),78
1296,24/06/2018,Queensland,$/MWh),78
1297,26/02/2017,Queensland,$/MWh),78
1298,11/12/2016,Queensland,$/MWh),79
1299,16/09/2018,Queensland,$/MWh),79
1300,19/01/2020,Queensland,$/MWh),79
1301,21/01/2018,Queensland,$/MWh),79
1302,24/04/2016,Queensland,$/MWh),79
1303,3/3/2019,Queensland,$/MWh),79
1304,30/07/2017,Queensland,$/MWh),79
1305,6/1/2019,Queensland,$/MWh),79
1306,12/7/2015,Queensland,$/MWh),80
1307,20/01/2013,Queensland,$/MWh),80
1308,26/05/2019,Queensland,$/MWh),80
1309,17/06/2018,Queensland,$/MWh),81
1310,18/08/2013,Queensland,$/MWh),81
1311,16/06/2019,Queensland,$/MWh),82
1312,16/07/2017,Queensland,$/MWh),82
1313,17/03/2013,Queensland,$/MWh),82
1314,28/02/2016,Queensland,$/MWh),82
1315,3/9/2017,Queensland,$/MWh),82
1316,30/12/2018,Queensland,$/MWh),82
1317,14/10/2018,Queensland,$/MWh),83
1318,21/02/2016,Queensland,$/MWh),83
1319,24/09/2017,Queensland,$/MWh),83
1320,9/2/2014,Queensland,$/MWh),83
1321,10/3/2019,Queensland,$/MWh),84
1322,24/03/2019,Queensland,$/MWh),84
1323,27/06/2021,Queensland,$/MWh),84
1324,28/05/2017,Queensland,$/MWh),84
1325,4/6/2017,Queensland,$/MWh),84
1326,10/9/2017,Queensland,$/MWh),85
1327,11/11/2018,Queensland,$/MWh),85
1328,12/6/2016,Queensland,$/MWh),85
1329,5/8/2018,Queensland,$/MWh),85
1330,1/1/2017,Queensland,$/MWh),86
1331,13/10/2019,Queensland,$/MWh),86
1332,16/12/2012,Queensland,$/MWh),86
1333,18/11/2018,Queensland,$/MWh),86
1334,23/07/2017,Queensland,$/MWh),86
1335,27/10/2019,Queensland,$/MWh),86
1336,18/04/2021,Queensland,$/MWh),87
1337,28/10/2018,Queensland,$/MWh),87
1338,17/02/2019,Queensland,$/MWh),88
1339,1/10/2017,Queensland,$/MWh),89
1340,24/03/2013,Queensland,$/MWh),89
1341,11/2/2018,Queensland,$/MWh),90
1342,14/05/2017,Queensland,$/MWh),90
1343,20/08/2017,Queensland,$/MWh),90
1344,23/04/2017,Queensland,$/MWh),90
1345,20/10/2013,Queensland,$/MWh),91
1346,3/2/2019,Queensland,$/MWh),91
1347,10/2/2019,Queensland,$/MWh),92
1348,12/3/2017,Queensland,$/MWh),92
1349,16/04/2017,Queensland,$/MWh),92
1350,16/12/2018,Queensland,$/MWh),92
1351,17/03/2019,Queensland,$/MWh),92
1352,19/08/2018,Queensland,$/MWh),92
1353,6/11/2016,Queensland,$/MWh),93
1354,7/5/2017,Queensland,$/MWh),93
1355,16/06/2013,Queensland,$/MWh),96
1356,19/02/2017,Queensland,$/MWh),96
1357,26/08/2018,Queensland,$/MWh),96
1358,25/11/2018,Queensland,$/MWh),97
1359,7/1/2018,Queensland,$/MWh),97
1360,2/4/2017,Queensland,$/MWh),98
1361,30/04/2017,Queensland,$/MWh),98
1362,14/02/2010,Queensland,$/MWh),99
1363,27/08/2017,Queensland,$/MWh),99
1364,9/12/2018,Queensland,$/MWh),99
1365,2/2/2020,South Australia,$/MWh),10
1366,24/06/2012,South Australia,$/MWh),10
1367,16/09/2018,South Australia,$/MWh),100
1368,21/08/2016,South Australia,$/MWh),100
1369,23/12/2018,South Australia,$/MWh),100
1370,28/07/2019,South Australia,$/MWh),100
1371,20/01/2019,South Australia,$/MWh),1005
1372,23/09/2018,South Australia,$/MWh),101
1373,11/8/2019,South Australia,$/MWh),102
1374,29/01/2017,South Australia,$/MWh),102
1375,30/09/2018,South Australia,$/MWh),102
1376,17/02/2019,South Australia,$/MWh),103
1377,20/05/2018,South Australia,$/MWh),103
1378,25/08/2019,South Australia,$/MWh),103
1379,25/11/2018,South Australia,$/MWh),103
1380,4/11/2018,South Australia,$/MWh),103
1381,11/11/2018,South Australia,$/MWh),104
1382,15/01/2017,South Australia,$/MWh),104
1383,16/07/2017,South Australia,$/MWh),104
1384,2/12/2018,South Australia,$/MWh),104
1385,30/12/2018,South Australia,$/MWh),104
1386,7/6/2015,South Australia,$/MWh),104
1387,9/12/2018,South Australia,$/MWh),106
1388,12/6/2016,South Australia,$/MWh),107
1389,19/06/2016,South Australia,$/MWh),108
1390,30/12/2012,South Australia,$/MWh),108
1391,20/06/2021,South Australia,$/MWh),109
1392,23/07/2017,South Australia,$/MWh),109
1393,3/6/2018,South Australia,$/MWh),109
1394,31/03/2019,South Australia,$/MWh),109
1395,20/08/2017,South Australia,$/MWh),110
1396,7/4/2019,South Australia,$/MWh),110
1397,17/03/2019,South Australia,$/MWh),111
1398,19/11/2017,South Australia,$/MWh),111
1399,25/06/2017,South Australia,$/MWh),111
1400,28/10/2018,South Australia,$/MWh),111
1401,15/05/2016,South Australia,$/MWh),112
1402,28/05/2017,South Australia,$/MWh),112
1403,3/2/2019,South Australia,$/MWh),112
1404,11/6/2017,South Australia,$/MWh),113
1405,13/05/2018,South Australia,$/MWh),113
1406,26/07/2015,South Australia,$/MWh),114
1407,1/7/2012,South Australia,$/MWh),116
1408,16/04/2017,South Australia,$/MWh),116
1409,26/11/2017,South Australia,$/MWh),116
1410,25/11/2012,South Australia,$/MWh),117
1411,3/3/2019,South Australia,$/MWh),117
1412,30/07/2017,South Australia,$/MWh),118
1413,4/6/2017,South Australia,$/MWh),118
1414,2/4/2017,South Australia,$/MWh),119
1415,19/05/2013,South Australia,$/MWh),120
1416,2/6/2019,South Australia,$/MWh),120
1417,2/9/2018,South Australia,$/MWh),120
1418,24/06/2018,South Australia,$/MWh),121
1419,26/03/2017,South Australia,$/MWh),122
1420,28/01/2018,South Australia,$/MWh),122
1421,13/12/2015,South Australia,$/MWh),125
1422,16/06/2019,South Australia,$/MWh),125
1423,26/05/2013,South Australia,$/MWh),125
1424,9/7/2017,South Australia,$/MWh),126
1425,9/4/2017,South Australia,$/MWh),128
1426,14/05/2017,South Australia,$/MWh),129
1427,21/01/2018,South Australia,$/MWh),129
1428,23/04/2017,South Australia,$/MWh),129
1429,27/12/2020,South Australia,$/MWh),13
1430,2/7/2017,South Australia,$/MWh),130
1431,30/04/2017,South Australia,$/MWh),132
1432,17/06/2018,South Australia,$/MWh),133
1433,9/2/2020,South Australia,$/MWh),133
1434,16/06/2013,South Australia,$/MWh),138
1435,3/1/2021,South Australia,$/MWh),14
1436,7/5/2017,South Australia,$/MWh),144
1437,27/01/2019,South Australia,$/MWh),146
1438,27/08/2017,South Australia,$/MWh),146
1439,17/07/2016,South Australia,$/MWh),148
1440,31/01/2021,South Australia,$/MWh),15
1441,12/5/2013,South Australia,$/MWh),151
1442,22/04/2018,South Australia,$/MWh),155
1443,26/02/2017,South Australia,$/MWh),155
1444,13/01/2019,South Australia,$/MWh),157
1445,16/05/2021,South Australia,$/MWh),159
1446,28/11/2010,South Australia,$/MWh),16
1447,5/12/2010,South Australia,$/MWh),16
1448,29/05/2016,South Australia,$/MWh),164
1449,19/12/2010,South Australia,$/MWh),17
1450,3/1/2010,South Australia,$/MWh),179
1451,12/12/2010,South Australia,$/MWh),18
1452,20/09/2020,South Australia,$/MWh),18
1453,26/06/2016,South Australia,$/MWh),189
1454,25/01/2015,South Australia,$/MWh),19
1455,8/1/2012,South Australia,$/MWh),19
1456,19/03/2017,South Australia,$/MWh),198
1457,2/6/2013,South Australia,$/MWh),199
1458,26/12/2010,South Australia,$/MWh),20
1459,28/12/2008,South Australia,$/MWh),20
1460,30/08/2009,South Australia,$/MWh),20
1461,6/3/2011,South Australia,$/MWh),20
1462,7/3/2010,South Australia,$/MWh),20
1463,1/4/2012,South Australia,$/MWh),21
1464,20/03/2011,South Australia,$/MWh),21
1465,26/09/2010,South Australia,$/MWh),21
1466,14/11/2010,South Australia,$/MWh),22
1467,15/03/2015,South Australia,$/MWh),22
1468,16/08/2009,South Australia,$/MWh),22
1469,24/10/2010,South Australia,$/MWh),22
1470,28/02/2010,South Australia,$/MWh),22
1471,31/10/2010,South Australia,$/MWh),22
1472,6/12/2009,South Australia,$/MWh),22
1473,4/2/2018,South Australia,$/MWh),221
1474,8/7/2018,South Australia,$/MWh),223
1475,27/11/2016,South Australia,$/MWh),228
1476,15/08/2010,South Australia,$/MWh),23
1477,19/09/2010,South Australia,$/MWh),23
1478,26/10/2014,South Australia,$/MWh),23
1479,27/09/2020,South Australia,$/MWh),23
1480,28/03/2010,South Australia,$/MWh),23
1481,29/11/2009,South Australia,$/MWh),23
1482,4/3/2012,South Australia,$/MWh),23
1483,5/9/2010,South Australia,$/MWh),23
1484,8/2/2009,South Australia,$/MWh),23
1485,1/3/2009,South Australia,$/MWh),24
1486,11/12/2011,South Australia,$/MWh),24
1487,11/7/2010,South Australia,$/MWh),24
1488,12/9/2010,South Australia,$/MWh),24
1489,17/10/2010,South Australia,$/MWh),24
1490,20/12/2009,South Australia,$/MWh),24
1491,21/03/2010,South Australia,$/MWh),24
1492,21/12/2008,South Australia,$/MWh),24
1493,25/12/2011,South Australia,$/MWh),24
1494,27/11/2011,South Australia,$/MWh),24
1495,28/06/2009,South Australia,$/MWh),24
1496,30/08/2020,South Australia,$/MWh),24
1497,4/12/2011,South Australia,$/MWh),24
1498,4/4/2010,South Australia,$/MWh),24
1499,15/12/2013,South Australia,$/MWh),244
1500,13/09/2009,South Australia,$/MWh),25
1501,23/08/2009,South Australia,$/MWh),25
1502,24/04/2011,South Australia,$/MWh),25
1503,26/02/2012,South Australia,$/MWh),25
1504,27/02/2011,South Australia,$/MWh),25
1505,5/2/2012,South Australia,$/MWh),25
1506,7/11/2010,South Australia,$/MWh),25
1507,11/10/2009,South Australia,$/MWh),26
1508,14/12/2008,South Australia,$/MWh),26
1509,17/01/2010,South Australia,$/MWh),26
1510,18/03/2012,South Australia,$/MWh),26
1511,18/10/2009,South Australia,$/MWh),26
1512,19/07/2009,South Australia,$/MWh),26
1513,2/5/2010,South Australia,$/MWh),26
1514,2/8/2009,South Australia,$/MWh),26
1515,22/08/2010,South Australia,$/MWh),26
1516,22/11/2009,South Australia,$/MWh),26
1517,27/12/2009,South Australia,$/MWh),26
1518,9/8/2009,South Australia,$/MWh),26
1519,12/1/2014,South Australia,$/MWh),264
1520,7/3/2021,South Australia,$/MWh),267
1521,12/2/2012,South Australia,$/MWh),27
1522,13/03/2011,South Australia,$/MWh),27
1523,15/01/2012,South Australia,$/MWh),27
1524,16/01/2011,South Australia,$/MWh),27
1525,18/12/2011,South Australia,$/MWh),27
1526,20/02/2011,South Australia,$/MWh),27
1527,20/09/2009,South Australia,$/MWh),27
1528,22/03/2009,South Australia,$/MWh),27
1529,23/10/2011,South Australia,$/MWh),27
1530,26/04/2020,South Australia,$/MWh),27
1531,26/07/2009,South Australia,$/MWh),27
1532,28/02/2021,South Australia,$/MWh),27
1533,3/4/2011,South Australia,$/MWh),27
1534,30/11/2008,South Australia,$/MWh),27
1535,7/12/2008,South Australia,$/MWh),27
1536,13/09/2020,South Australia,$/MWh),28
1537,14/09/2008,South Australia,$/MWh),28
1538,2/1/2011,South Australia,$/MWh),28
1539,2/11/2014,South Australia,$/MWh),28
1540,21/02/2010,South Australia,$/MWh),28
1541,21/06/2009,South Australia,$/MWh),28
1542,21/12/2014,South Australia,$/MWh),28
1543,24/01/2010,South Australia,$/MWh),28
1544,25/04/2010,South Australia,$/MWh),28
1545,26/06/2011,South Australia,$/MWh),28
1546,27/03/2011,South Australia,$/MWh),28
1547,27/09/2009,South Australia,$/MWh),28
1548,3/5/2015,South Australia,$/MWh),28
1549,31/07/2011,South Australia,$/MWh),28
1550,5/4/2015,South Australia,$/MWh),28
1551,6/2/2011,South Australia,$/MWh),28
1552,7/2/2021,South Australia,$/MWh),28
1553,8/3/2009,South Australia,$/MWh),28
1554,8/5/2011,South Australia,$/MWh),28
1555,15/12/2019,South Australia,$/MWh),285
1556,11/3/2012,South Australia,$/MWh),29
1557,12/4/2009,South Australia,$/MWh),29
1558,14/03/2021,South Australia,$/MWh),29
1559,14/12/2014,South Australia,$/MWh),29
1560,17/04/2011,South Australia,$/MWh),29
1561,19/06/2011,South Australia,$/MWh),29
1562,20/05/2012,South Australia,$/MWh),29
1563,22/03/2015,South Australia,$/MWh),29
1564,25/07/2010,South Australia,$/MWh),29
1565,27/07/2014,South Australia,$/MWh),29
1566,28/09/2014,South Australia,$/MWh),29
1567,29/11/2020,South Australia,$/MWh),29
1568,3/5/2020,South Australia,$/MWh),29
1569,30/10/2011,South Australia,$/MWh),29
1570,31/01/2016,South Australia,$/MWh),29
1571,6/5/2012,South Australia,$/MWh),29
1572,8/3/2015,South Australia,$/MWh),29
1573,9/1/2011,South Australia,$/MWh),29
1574,9/10/2011,South Australia,$/MWh),29
1575,18/01/2009,South Australia,$/MWh),293
1576,6/12/2020,South Australia,$/MWh),3
1577,10/4/2011,South Australia,$/MWh),30
1578,13/02/2011,South Australia,$/MWh),30
1579,13/05/2012,South Australia,$/MWh),30
1580,14/02/2010,South Australia,$/MWh),30
1581,14/03/2010,South Australia,$/MWh),30
1582,16/11/2008,South Australia,$/MWh),30
1583,19/04/2020,South Australia,$/MWh),30
1584,23/01/2011,South Australia,$/MWh),30
1585,23/11/2008,South Australia,$/MWh),30
1586,25/03/2012,South Australia,$/MWh),30
1587,27/05/2012,South Australia,$/MWh),30
1588,28/09/2008,South Australia,$/MWh),30
1589,29/01/2012,South Australia,$/MWh),30
1590,24/02/2019,South Australia,$/MWh),306
1591,1/1/2012,South Australia,$/MWh),31
1592,10/5/2009,South Australia,$/MWh),31
1593,11/4/2010,South Australia,$/MWh),31
1594,17/05/2009,South Australia,$/MWh),31
1595,20/11/2011,South Australia,$/MWh),31
1596,21/02/2021,South Australia,$/MWh),31
1597,22/04/2012,South Australia,$/MWh),31
1598,23/05/2010,South Australia,$/MWh),31
1599,24/01/2016,South Australia,$/MWh),31
1600,25/09/2011,South Australia,$/MWh),31
1601,3/7/2011,South Australia,$/MWh),31
1602,7/12/2014,South Australia,$/MWh),31
1603,8/4/2012,South Australia,$/MWh),31
1604,8/8/2010,South Australia,$/MWh),31
1605,9/11/2014,South Australia,$/MWh),31
1606,26/01/2020,South Australia,$/MWh),317
1607,1/5/2011,South Australia,$/MWh),32
1608,10/1/2021,South Australia,$/MWh),32
1609,12/7/2009,South Australia,$/MWh),32
1610,13/06/2010,South Australia,$/MWh),32
1611,13/11/2011,South Australia,$/MWh),32
1612,14/06/2009,South Australia,$/MWh),32
1613,15/05/2011,South Australia,$/MWh),32
1614,18/01/2015,South Australia,$/MWh),32
1615,20/12/2020,South Australia,$/MWh),32
1616,28/08/2011,South Australia,$/MWh),32
1617,29/03/2015,South Australia,$/MWh),32
1618,29/04/2012,South Australia,$/MWh),32
1619,4/10/2009,South Australia,$/MWh),32
1620,4/7/2010,South Australia,$/MWh),32
1621,5/10/2008,South Australia,$/MWh),32
1622,5/10/2014,South Australia,$/MWh),32
1623,1/3/2015,South Australia,$/MWh),33
1624,1/8/2010,South Australia,$/MWh),33
1625,10/5/2015,South Australia,$/MWh),33
1626,11/1/2015,South Australia,$/MWh),33
1627,11/4/2021,South Australia,$/MWh),33
1628,12/10/2014,South Australia,$/MWh),33
1629,12/6/2011,South Australia,$/MWh),33
1630,13/12/2009,South Australia,$/MWh),33
1631,19/02/2012,South Australia,$/MWh),33
1632,21/09/2014,South Australia,$/MWh),33
1633,22/01/2012,South Australia,$/MWh),33
1634,24/07/2011,South Australia,$/MWh),33
1635,4/1/2009,South Australia,$/MWh),33
1636,4/4/2021,South Australia,$/MWh),33
1637,5/4/2009,South Australia,$/MWh),33
1638,5/7/2009,South Australia,$/MWh),33
1639,7/9/2008,South Australia,$/MWh),33
1640,9/5/2010,South Australia,$/MWh),33
1641,13/07/2008,South Australia,$/MWh),34
1642,16/11/2014,South Australia,$/MWh),34
1643,18/09/2011,South Australia,$/MWh),34
1644,19/04/2009,South Australia,$/MWh),34
1645,21/08/2011,South Australia,$/MWh),34
1646,22/02/2009,South Australia,$/MWh),34
1647,29/06/2008,South Australia,$/MWh),34
1648,30/11/2014,South Australia,$/MWh),34
1649,4/9/2011,South Australia,$/MWh),34
1650,8/11/2020,South Australia,$/MWh),34
1651,10/7/2016,South Australia,$/MWh),340
1652,14/06/2020,South Australia,$/MWh),35
1653,15/03/2009,South Australia,$/MWh),35
1654,17/07/2011,South Australia,$/MWh),35
1655,18/07/2010,South Australia,$/MWh),35
1656,2/11/2008,South Australia,$/MWh),35
1657,21/09/2008,South Australia,$/MWh),35
1658,25/10/2020,South Australia,$/MWh),35
1659,7/6/2009,South Australia,$/MWh),35
1660,14/08/2011,South Australia,$/MWh),36
1661,15/02/2009,South Australia,$/MWh),36
1662,16/05/2010,South Australia,$/MWh),36
1663,19/04/2015,South Australia,$/MWh),36
1664,25/10/2009,South Australia,$/MWh),36
1665,3/6/2012,South Australia,$/MWh),36
1666,30/05/2010,South Australia,$/MWh),36
1667,5/6/2011,South Australia,$/MWh),36
1668,6/6/2010,South Australia,$/MWh),36
1669,6/9/2009,South Australia,$/MWh),36
1670,8/3/2020,South Australia,$/MWh),36
1671,1/12/2019,South Australia,$/MWh),37
1672,13/12/2020,South Australia,$/MWh),37
1673,15/04/2012,South Australia,$/MWh),37
1674,6/11/2011,South Australia,$/MWh),37
1675,6/7/2008,South Australia,$/MWh),37
1676,22/05/2011,South Australia,$/MWh),38
1677,28/03/2021,South Australia,$/MWh),38
1678,28/12/2014,South Australia,$/MWh),38
1679,3/5/2009,South Australia,$/MWh),38
1680,31/08/2008,South Australia,$/MWh),38
1681,4/10/2015,South Australia,$/MWh),38
1682,4/10/2020,South Australia,$/MWh),38
1683,10/6/2012,South Australia,$/MWh),39
1684,12/4/2020,South Australia,$/MWh),39
1685,14/02/2016,South Australia,$/MWh),39
1686,15/06/2008,South Australia,$/MWh),39
1687,16/08/2020,South Australia,$/MWh),39
1688,17/06/2012,South Australia,$/MWh),39
1689,19/10/2014,South Australia,$/MWh),39
1690,20/06/2010,South Australia,$/MWh),39
1691,21/06/2015,South Australia,$/MWh),39
1692,24/05/2009,South Australia,$/MWh),39
1693,5/4/2020,South Australia,$/MWh),39
1694,8/6/2008,South Australia,$/MWh),39
1695,1/5/2016,South Australia,$/MWh),40
1696,15/11/2020,South Australia,$/MWh),40
1697,22/06/2014,South Australia,$/MWh),40
1698,24/08/2008,South Australia,$/MWh),40
1699,26/10/2008,South Australia,$/MWh),40
1700,29/08/2010,South Australia,$/MWh),40
1701,7/8/2011,South Australia,$/MWh),40
1702,10/8/2014,South Australia,$/MWh),41
1703,12/10/2008,South Australia,$/MWh),41
1704,19/10/2008,South Australia,$/MWh),41
1705,21/11/2010,South Australia,$/MWh),41
1706,27/06/2010,South Australia,$/MWh),41
1707,27/07/2008,South Australia,$/MWh),41
1708,28/06/2020,South Australia,$/MWh),41
1709,9/8/2015,South Australia,$/MWh),41
1710,1/11/2020,South Australia,$/MWh),42
1711,17/08/2008,South Australia,$/MWh),42
1712,18/10/2015,South Australia,$/MWh),42
1713,24/04/2016,South Australia,$/MWh),42
1714,24/08/2014,South Australia,$/MWh),42
1715,27/03/2016,South Australia,$/MWh),42
1716,3/1/2016,South Australia,$/MWh),42
1717,31/05/2009,South Australia,$/MWh),42
1718,6/11/2016,South Australia,$/MWh),42
1719,7/9/2014,South Australia,$/MWh),42
1720,10/1/2010,South Australia,$/MWh),420
1721,22/06/2008,South Australia,$/MWh),43
1722,3/11/2019,South Australia,$/MWh),43
1723,9/11/2008,South Australia,$/MWh),43
1724,10/5/2020,South Australia,$/MWh),44
1725,13/03/2016,South Australia,$/MWh),44
1726,17/08/2014,South Australia,$/MWh),44
1727,22/11/2015,South Australia,$/MWh),44
1728,24/05/2020,South Australia,$/MWh),44
1729,25/10/2015,South Australia,$/MWh),44
1730,29/05/2011,South Australia,$/MWh),44
1731,29/11/2015,South Australia,$/MWh),44
1732,3/8/2008,South Australia,$/MWh),44
1733,11/1/2009,South Australia,$/MWh),441
1734,15/11/2009,South Australia,$/MWh),442
1735,14/02/2021,South Australia,$/MWh),45
1736,14/09/2014,South Australia,$/MWh),45
1737,15/02/2015,South Australia,$/MWh),45
1738,20/04/2014,South Australia,$/MWh),45
1739,22/03/2020,South Australia,$/MWh),45
1740,31/05/2015,South Australia,$/MWh),45
1741,7/2/2016,South Australia,$/MWh),45
1742,11/10/2015,South Australia,$/MWh),46
1743,11/10/2020,South Australia,$/MWh),46
1744,19/01/2020,South Australia,$/MWh),46
1745,2/8/2020,South Australia,$/MWh),46
1746,21/03/2021,South Australia,$/MWh),46
1747,23/09/2012,South Australia,$/MWh),46
1748,25/12/2016,South Australia,$/MWh),46
1749,27/01/2013,South Australia,$/MWh),46
1750,29/03/2020,South Australia,$/MWh),46
1751,5/7/2015,South Australia,$/MWh),46
1752,15/03/2020,South Australia,$/MWh),47
1753,17/05/2020,South Australia,$/MWh),47
1754,18/04/2010,South Australia,$/MWh),47
1755,18/10/2020,South Australia,$/MWh),47
1756,23/12/2012,South Australia,$/MWh),47
1757,27/04/2014,South Australia,$/MWh),47
1758,27/09/2015,South Australia,$/MWh),47
1759,29/12/2013,South Australia,$/MWh),47
1760,31/05/2020,South Australia,$/MWh),47
1761,7/8/2016,South Australia,$/MWh),47
1762,16/03/2014,South Australia,$/MWh),48
1763,2/3/2014,South Australia,$/MWh),48
1764,2/9/2012,South Australia,$/MWh),48
1765,21/10/2012,South Australia,$/MWh),48
1766,23/02/2014,South Australia,$/MWh),48
1767,23/05/2021,South Australia,$/MWh),48
1768,26/04/2009,South Australia,$/MWh),48
1769,30/10/2016,South Australia,$/MWh),48
1770,11/11/2012,South Australia,$/MWh),49
1771,13/04/2014,South Australia,$/MWh),49
1772,16/02/2014,South Australia,$/MWh),49
1773,20/03/2016,South Australia,$/MWh),49
1774,21/06/2020,South Australia,$/MWh),49
1775,23/11/2014,South Australia,$/MWh),49
1776,25/05/2014,South Australia,$/MWh),49
1777,3/11/2013,South Australia,$/MWh),49
1778,3/4/2016,South Australia,$/MWh),49
1779,30/09/2012,South Australia,$/MWh),49
1780,8/2/2015,South Australia,$/MWh),49
1781,10/11/2013,South Australia,$/MWh),50
1782,10/7/2011,South Australia,$/MWh),50
1783,14/10/2012,South Australia,$/MWh),50
1784,15/11/2015,South Australia,$/MWh),50
1785,17/11/2013,South Australia,$/MWh),50
1786,24/05/2015,South Australia,$/MWh),50
1787,3/8/2014,South Australia,$/MWh),50
1788,6/7/2014,South Australia,$/MWh),50
1789,9/8/2020,South Australia,$/MWh),50
1790,3/7/2016,South Australia,$/MWh),500
1791,10/10/2010,South Australia,$/MWh),51
1792,12/4/2015,South Australia,$/MWh),51
1793,13/01/2013,South Australia,$/MWh),51
1794,14/08/2016,South Australia,$/MWh),51
1795,16/12/2012,South Australia,$/MWh),51
1796,17/04/2016,South Australia,$/MWh),51
1797,24/11/2019,South Australia,$/MWh),51
1798,5/1/2014,South Australia,$/MWh),51
1799,1/2/2015,South Australia,$/MWh),52
1800,15/09/2019,South Australia,$/MWh),52
1801,18/05/2014,South Australia,$/MWh),52
1802,19/01/2014,South Australia,$/MWh),52
1803,2/12/2012,South Australia,$/MWh),52
1804,20/01/2013,South Australia,$/MWh),52
1805,22/12/2013,South Australia,$/MWh),52
1806,27/10/2013,South Australia,$/MWh),52
1807,30/03/2014,South Australia,$/MWh),52
1808,6/4/2014,South Australia,$/MWh),52
1809,8/12/2013,South Australia,$/MWh),52
1810,9/3/2014,South Australia,$/MWh),52
1811,14/01/2018,South Australia,$/MWh),525
1812,1/3/2020,South Australia,$/MWh),53
1813,13/09/2015,South Australia,$/MWh),53
1814,23/03/2014,South Australia,$/MWh),53
1815,24/11/2013,South Australia,$/MWh),53
1816,3/2/2013,South Australia,$/MWh),53
1817,8/12/2019,South Australia,$/MWh),53
1818,1/12/2013,South Australia,$/MWh),54
1819,10/11/2019,South Australia,$/MWh),54
1820,10/8/2008,South Australia,$/MWh),54
1821,11/5/2014,South Australia,$/MWh),54
1822,17/01/2021,South Australia,$/MWh),54
1823,18/08/2019,South Australia,$/MWh),54
1824,22/09/2013,South Australia,$/MWh),54
1825,28/08/2016,South Australia,$/MWh),54
1826,6/12/2015,South Australia,$/MWh),54
1827,8/6/2014,South Australia,$/MWh),54
1828,16/09/2012,South Australia,$/MWh),55
1829,16/10/2011,South Australia,$/MWh),55
1830,17/03/2013,South Australia,$/MWh),55
1831,2/5/2021,South Australia,$/MWh),55
1832,20/12/2015,South Australia,$/MWh),55
1833,22/11/2020,South Australia,$/MWh),55
1834,1/11/2015,South Australia,$/MWh),56
1835,10/3/2013,South Australia,$/MWh),56
1836,17/05/2015,South Australia,$/MWh),56
1837,20/10/2013,South Australia,$/MWh),56
1838,26/08/2012,South Australia,$/MWh),56
1839,31/08/2014,South Australia,$/MWh),56
1840,7/10/2012,South Australia,$/MWh),56
1841,10/2/2013,South Australia,$/MWh),57
1842,12/1/2020,South Australia,$/MWh),57
1843,16/10/2016,South Australia,$/MWh),57
1844,18/11/2012,South Australia,$/MWh),57
1845,20/11/2016,South Australia,$/MWh),57
1846,21/02/2016,South Australia,$/MWh),57
1847,22/02/2015,South Australia,$/MWh),57
1848,24/02/2013,South Australia,$/MWh),57
1849,24/03/2013,South Australia,$/MWh),57
1850,26/04/2015,South Australia,$/MWh),57
1851,30/06/2013,South Australia,$/MWh),57
1852,5/1/2020,South Australia,$/MWh),57
1853,8/11/2015,South Australia,$/MWh),57
1854,24/09/2017,South Australia,$/MWh),58
1855,28/10/2012,South Australia,$/MWh),58
1856,31/03/2013,South Australia,$/MWh),58
1857,4/9/2016,South Australia,$/MWh),58
1858,8/5/2016,South Australia,$/MWh),58
1859,30/01/2011,South Australia,$/MWh),582
1860,28/06/2015,South Australia,$/MWh),59
1861,29/09/2013,South Australia,$/MWh),59
1862,4/11/2012,South Australia,$/MWh),59
1863,4/5/2014,South Australia,$/MWh),59
1864,3/10/2010,South Australia,$/MWh),6
1865,29/06/2014,South Australia,$/MWh),60
1866,9/10/2016,South Australia,$/MWh),60
1867,14/06/2015,South Australia,$/MWh),61
1868,20/09/2015,South Australia,$/MWh),61
1869,23/02/2020,South Australia,$/MWh),61
1870,26/07/2020,South Australia,$/MWh),61
1871,6/9/2015,South Australia,$/MWh),61
1872,14/07/2013,South Australia,$/MWh),62
1873,15/06/2014,South Australia,$/MWh),62
1874,23/08/2015,South Australia,$/MWh),62
1875,25/09/2016,South Australia,$/MWh),62
1876,9/6/2013,South Australia,$/MWh),62
1877,7/2/2010,South Australia,$/MWh),628
1878,1/9/2013,South Australia,$/MWh),63
1879,13/10/2013,South Australia,$/MWh),63
1880,15/09/2013,South Australia,$/MWh),63
1881,1/10/2017,South Australia,$/MWh),64
1882,11/9/2011,South Australia,$/MWh),64
1883,12/7/2020,South Australia,$/MWh),64
1884,13/07/2014,South Australia,$/MWh),64
1885,16/08/2015,South Australia,$/MWh),64
1886,24/01/2021,South Australia,$/MWh),64
1887,24/07/2016,South Australia,$/MWh),64
1888,8/11/2009,South Australia,$/MWh),645
1889,5/2/2017,South Australia,$/MWh),646
1890,17/01/2016,South Australia,$/MWh),65
1891,4/1/2015,South Australia,$/MWh),65
1892,5/8/2012,South Australia,$/MWh),65
1893,9/2/2014,South Australia,$/MWh),65
1894,9/9/2018,South Australia,$/MWh),65
1895,2/10/2011,South Australia,$/MWh),66
1896,22/12/2019,South Australia,$/MWh),66
1897,5/8/2018,South Australia,$/MWh),66
1898,7/7/2019,South Australia,$/MWh),66
1899,1/6/2014,South Australia,$/MWh),67
1900,12/8/2012,South Australia,$/MWh),67
1901,12/8/2018,South Australia,$/MWh),67
1902,13/11/2016,South Australia,$/MWh),67
1903,18/09/2016,South Australia,$/MWh),67
1904,19/07/2020,South Australia,$/MWh),67
1905,19/08/2012,South Australia,$/MWh),67
1906,29/07/2018,South Australia,$/MWh),67
1907,29/10/2017,South Australia,$/MWh),67
1908,4/8/2013,South Australia,$/MWh),67
1909,6/10/2013,South Australia,$/MWh),67
1910,6/6/2021,South Australia,$/MWh),67
1911,8/9/2013,South Australia,$/MWh),67
1912,1/7/2018,South Australia,$/MWh),68
1913,11/9/2016,South Australia,$/MWh),68
1914,20/10/2019,South Australia,$/MWh),68
1915,28/02/2016,South Australia,$/MWh),68
1916,29/09/2019,South Australia,$/MWh),68
1917,5/7/2020,South Australia,$/MWh),68
1918,2/8/2015,South Australia,$/MWh),69
1919,22/05/2016,South Australia,$/MWh),69
1920,25/08/2013,South Australia,$/MWh),69
1921,28/07/2013,South Australia,$/MWh),69
1922,29/03/2009,South Australia,$/MWh),69
1923,6/1/2013,South Australia,$/MWh),69
1924,25/01/2009,South Australia,$/MWh),693
1925,2/10/2016,South Australia,$/MWh),70
1926,20/07/2014,South Australia,$/MWh),70
1927,23/08/2020,South Australia,$/MWh),70
1928,4/12/2016,South Australia,$/MWh),70
1929,7/4/2013,South Australia,$/MWh),70
1930,8/10/2017,South Australia,$/MWh),70
1931,9/5/2021,South Australia,$/MWh),70
1932,14/04/2013,South Australia,$/MWh),71
1933,15/07/2012,South Australia,$/MWh),71
1934,17/11/2019,South Australia,$/MWh),71
1935,2/2/2014,South Australia,$/MWh),71
1936,22/07/2012,South Australia,$/MWh),71
1937,29/04/2018,South Australia,$/MWh),71
1938,10/4/2016,South Australia,$/MWh),72
1939,17/09/2017,South Australia,$/MWh),72
1940,11/8/2013,South Australia,$/MWh),73
1941,25/04/2021,South Australia,$/MWh),73
1942,9/9/2012,South Australia,$/MWh),73
1943,16/02/2020,South Australia,$/MWh),74
1944,21/07/2019,South Australia,$/MWh),74
1945,8/7/2012,South Australia,$/MWh),74
1946,13/10/2019,South Australia,$/MWh),75
1947,15/10/2017,South Australia,$/MWh),75
1948,18/12/2016,South Australia,$/MWh),75
1949,19/07/2015,South Australia,$/MWh),75
1950,9/6/2019,South Australia,$/MWh),75
1951,10/6/2018,South Australia,$/MWh),76
1952,11/12/2016,South Australia,$/MWh),76
1953,22/10/2017,South Australia,$/MWh),76
1954,29/12/2019,South Australia,$/MWh),76
1955,30/06/2019,South Australia,$/MWh),76
1956,13/08/2017,South Australia,$/MWh),77
1957,29/07/2012,South Australia,$/MWh),77
1958,5/11/2017,South Australia,$/MWh),77
1959,18/03/2018,South Australia,$/MWh),78
1960,21/07/2013,South Australia,$/MWh),78
1961,26/01/2014,South Australia,$/MWh),78
1962,27/10/2019,South Australia,$/MWh),78
1963,9/12/2012,South Australia,$/MWh),78
1964,15/07/2018,South Australia,$/MWh),79
1965,23/10/2016,South Australia,$/MWh),79
1966,25/02/2018,South Australia,$/MWh),79
1967,25/03/2018,South Australia,$/MWh),79
1968,8/1/2017,South Australia,$/MWh),79
1969,3/3/2013,South Australia,$/MWh),80
1970,4/8/2019,South Australia,$/MWh),80
1971,6/3/2016,South Australia,$/MWh),80
1972,10/9/2017,South Australia,$/MWh),81
1973,14/04/2019,South Australia,$/MWh),81
1974,27/06/2021,South Australia,$/MWh),81
1975,27/12/2015,South Australia,$/MWh),81
1976,31/12/2017,South Australia,$/MWh),81
1977,1/2/2009,South Australia,$/MWh),82
1978,1/9/2019,South Australia,$/MWh),82
1979,15/04/2018,South Australia,$/MWh),82
1980,19/05/2019,South Australia,$/MWh),82
1981,6/10/2019,South Australia,$/MWh),82
1982,14/07/2019,South Australia,$/MWh),83
1983,18/02/2018,South Australia,$/MWh),83
1984,26/05/2019,South Australia,$/MWh),83
1985,4/3/2018,South Australia,$/MWh),83
1986,5/5/2013,South Australia,$/MWh),83
1987,7/10/2018,South Australia,$/MWh),83
1988,1/11/2009,South Australia,$/MWh),84
1989,17/02/2013,South Australia,$/MWh),84
1990,17/12/2017,South Australia,$/MWh),84
1991,20/07/2008,South Australia,$/MWh),84
1992,24/12/2017,South Australia,$/MWh),84
1993,6/5/2018,South Australia,$/MWh),84
1994,21/04/2019,South Australia,$/MWh),85
1995,3/12/2017,South Australia,$/MWh),85
1996,5/3/2017,South Australia,$/MWh),85
1997,8/4/2018,South Australia,$/MWh),85
1998,11/3/2018,South Australia,$/MWh),86
1999,12/2/2017,South Australia,$/MWh),86
2000,31/01/2010,South Australia,$/MWh),86
2001,7/6/2020,South Australia,$/MWh),86
2002,23/06/2019,South Australia,$/MWh),87
2003,28/04/2019,South Australia,$/MWh),87
2004,30/08/2015,South Australia,$/MWh),87
2005,7/1/2018,South Australia,$/MWh),87
2006,12/3/2017,South Australia,$/MWh),88
2007,12/5/2019,South Australia,$/MWh),88
2008,19/08/2018,South Australia,$/MWh),88
2009,30/05/2021,South Australia,$/MWh),88
2010,27/05/2018,South Australia,$/MWh),89
2011,3/9/2017,South Australia,$/MWh),89
2012,7/7/2013,South Australia,$/MWh),89
2013,8/9/2019,South Australia,$/MWh),89
2014,6/9/2020,South Australia,$/MWh),9
2015,1/4/2018,South Australia,$/MWh),90
2016,11/2/2018,South Australia,$/MWh),90
2017,12/11/2017,South Australia,$/MWh),90
2018,23/06/2013,South Australia,$/MWh),90
2019,16/12/2018,South Australia,$/MWh),91
2020,18/04/2021,South Australia,$/MWh),91
2021,18/08/2013,South Australia,$/MWh),91
2022,19/02/2017,South Australia,$/MWh),91
2023,6/8/2017,South Australia,$/MWh),91
2024,22/01/2017,South Australia,$/MWh),92
2025,26/08/2018,South Australia,$/MWh),92
2026,5/6/2016,South Australia,$/MWh),92
2027,6/1/2019,South Australia,$/MWh),93
2028,21/05/2017,South Australia,$/MWh),94
2029,31/07/2016,South Australia,$/MWh),94
2030,10/3/2019,South Australia,$/MWh),95
2031,13/06/2021,South Australia,$/MWh),95
2032,21/04/2013,South Australia,$/MWh),95
2033,24/03/2019,South Australia,$/MWh),95
2034,28/04/2013,South Australia,$/MWh),95
2035,1/1/2017,South Australia,$/MWh),96
2036,12/7/2015,South Australia,$/MWh),96
2037,14/10/2018,South Australia,$/MWh),96
2038,22/07/2018,South Australia,$/MWh),96
2039,10/12/2017,South Australia,$/MWh),97
2040,21/10/2018,South Australia,$/MWh),97
2041,5/5/2019,South Australia,$/MWh),97
2042,10/1/2016,South Australia,$/MWh),98
2043,10/2/2019,South Australia,$/MWh),98
2044,18/06/2017,South Australia,$/MWh),98
2045,18/11/2018,South Australia,$/MWh),98
2046,22/09/2019,South Australia,$/MWh),98
2047,31/01/2010,Tasmania,$/MWh),0
2048,15/05/2016,Tasmania,$/MWh),10
2049,18/06/2017,Tasmania,$/MWh),100
2050,26/06/2016,Tasmania,$/MWh),100
2051,1/8/2010,Tasmania,$/MWh),101
2052,25/06/2017,Tasmania,$/MWh),102
2053,4/6/2017,Tasmania,$/MWh),102
2054,14/04/2019,Tasmania,$/MWh),103
2055,17/12/2017,Tasmania,$/MWh),103
2056,20/12/2015,Tasmania,$/MWh),104
2057,27/12/2015,Tasmania,$/MWh),104
2058,23/07/2017,Tasmania,$/MWh),105
2059,16/06/2019,Tasmania,$/MWh),106
2060,28/04/2019,Tasmania,$/MWh),106
2061,30/09/2018,Tasmania,$/MWh),107
2062,12/3/2017,Tasmania,$/MWh),108
2063,19/11/2017,Tasmania,$/MWh),109
2064,5/2/2017,Tasmania,$/MWh),109
2065,10/12/2017,Tasmania,$/MWh),110
2066,27/08/2017,Tasmania,$/MWh),110
2067,28/10/2018,Tasmania,$/MWh),111
2068,30/07/2017,Tasmania,$/MWh),111
2069,10/1/2016,Tasmania,$/MWh),112
2070,13/10/2019,Tasmania,$/MWh),112
2071,16/07/2017,Tasmania,$/MWh),112
2072,24/03/2019,Tasmania,$/MWh),112
2073,21/01/2018,Tasmania,$/MWh),114
2074,28/01/2018,Tasmania,$/MWh),114
2075,14/05/2017,Tasmania,$/MWh),115
2076,11/6/2017,Tasmania,$/MWh),116
2077,2/6/2019,Tasmania,$/MWh),116
2078,3/7/2016,Tasmania,$/MWh),116
2079,31/03/2019,Tasmania,$/MWh),116
2080,30/04/2017,Tasmania,$/MWh),117
2081,26/03/2017,Tasmania,$/MWh),118
2082,24/01/2016,Tasmania,$/MWh),119
2083,24/02/2019,Tasmania,$/MWh),120
2084,6/1/2019,Tasmania,$/MWh),120
2085,7/4/2019,Tasmania,$/MWh),120
2086,2/4/2017,Tasmania,$/MWh),121
2087,3/3/2019,Tasmania,$/MWh),122
2088,9/7/2017,Tasmania,$/MWh),123
2089,16/05/2010,Tasmania,$/MWh),125
2090,17/01/2016,Tasmania,$/MWh),125
2091,7/2/2016,Tasmania,$/MWh),125
2092,20/06/2021,Tasmania,$/MWh),126
2093,10/2/2019,Tasmania,$/MWh),127
2094,31/01/2016,Tasmania,$/MWh),127
2095,7/5/2017,Tasmania,$/MWh),129
2096,10/3/2019,Tasmania,$/MWh),130
2097,17/02/2019,Tasmania,$/MWh),131
2098,2/7/2017,Tasmania,$/MWh),132
2099,9/4/2017,Tasmania,$/MWh),132
2100,23/04/2017,Tasmania,$/MWh),135
2101,6/10/2019,Tasmania,$/MWh),135
2102,17/03/2019,Tasmania,$/MWh),138
2103,19/03/2017,Tasmania,$/MWh),138
2104,13/07/2008,Tasmania,$/MWh),14
2105,19/04/2020,Tasmania,$/MWh),14
2106,16/04/2017,Tasmania,$/MWh),144
2107,3/2/2019,Tasmania,$/MWh),145
2108,8/8/2010,Tasmania,$/MWh),154
2109,13/01/2019,Tasmania,$/MWh),155
2110,19/12/2010,Tasmania,$/MWh),16
2111,26/12/2010,Tasmania,$/MWh),16
2112,10/10/2010,Tasmania,$/MWh),17
2113,12/12/2010,Tasmania,$/MWh),17
2114,5/12/2010,Tasmania,$/MWh),17
2115,27/01/2019,Tasmania,$/MWh),171
2116,23/09/2018,Tasmania,$/MWh),172
2117,21/11/2010,Tasmania,$/MWh),18
2118,26/04/2020,Tasmania,$/MWh),18
2119,28/11/2010,Tasmania,$/MWh),18
2120,3/10/2010,Tasmania,$/MWh),18
2121,31/10/2010,Tasmania,$/MWh),18
2122,6/12/2020,Tasmania,$/MWh),18
2123,14/02/2016,Tasmania,$/MWh),183
2124,20/01/2019,Tasmania,$/MWh),189
2125,16/08/2009,Tasmania,$/MWh),19
2126,17/10/2010,Tasmania,$/MWh),19
2127,26/09/2010,Tasmania,$/MWh),19
2128,27/09/2009,Tasmania,$/MWh),19
2129,25/01/2009,Tasmania,$/MWh),194
2130,12/8/2018,Tasmania,$/MWh),20
2131,19/09/2010,Tasmania,$/MWh),20
2132,24/10/2010,Tasmania,$/MWh),20
2133,6/9/2009,Tasmania,$/MWh),20
2134,7/11/2010,Tasmania,$/MWh),20
2135,21/02/2016,Tasmania,$/MWh),202
2136,11/4/2021,Tasmania,$/MWh),21
2137,16/09/2018,Tasmania,$/MWh),21
2138,18/04/2021,Tasmania,$/MWh),21
2139,27/11/2011,Tasmania,$/MWh),21
2140,28/06/2009,Tasmania,$/MWh),21
2141,29/08/2010,Tasmania,$/MWh),21
2142,4/12/2011,Tasmania,$/MWh),21
2143,11/10/2009,Tasmania,$/MWh),22
2144,12/4/2020,Tasmania,$/MWh),22
2145,13/09/2009,Tasmania,$/MWh),22
2146,2/5/2010,Tasmania,$/MWh),22
2147,20/09/2009,Tasmania,$/MWh),22
2148,21/08/2011,Tasmania,$/MWh),22
2149,5/9/2010,Tasmania,$/MWh),22
2150,24/04/2016,Tasmania,$/MWh),221
2151,15/08/2010,Tasmania,$/MWh),23
2152,18/04/2010,Tasmania,$/MWh),23
2153,24/05/2009,Tasmania,$/MWh),23
2154,26/08/2018,Tasmania,$/MWh),23
2155,30/08/2009,Tasmania,$/MWh),23
2156,4/10/2020,Tasmania,$/MWh),23
2157,9/8/2009,Tasmania,$/MWh),23
2158,10/4/2016,Tasmania,$/MWh),230
2159,10/5/2015,Tasmania,$/MWh),24
2160,11/12/2011,Tasmania,$/MWh),24
2161,11/7/2010,Tasmania,$/MWh),24
2162,2/8/2009,Tasmania,$/MWh),24
2163,20/03/2011,Tasmania,$/MWh),24
2164,22/08/2010,Tasmania,$/MWh),24
2165,23/08/2009,Tasmania,$/MWh),24
2166,26/01/2020,Tasmania,$/MWh),24
2167,26/07/2009,Tasmania,$/MWh),24
2168,29/06/2008,Tasmania,$/MWh),24
2169,4/4/2010,Tasmania,$/MWh),24
2170,7/3/2010,Tasmania,$/MWh),24
2171,9/9/2018,Tasmania,$/MWh),24
2172,20/03/2016,Tasmania,$/MWh),243
2173,17/04/2016,Tasmania,$/MWh),245
2174,3/4/2016,Tasmania,$/MWh),249
2175,12/1/2014,Tasmania,$/MWh),25
2176,12/9/2010,Tasmania,$/MWh),25
2177,13/06/2010,Tasmania,$/MWh),25
2178,16/01/2011,Tasmania,$/MWh),25
2179,19/07/2009,Tasmania,$/MWh),25
2180,2/9/2018,Tasmania,$/MWh),25
2181,25/04/2010,Tasmania,$/MWh),25
2182,25/09/2011,Tasmania,$/MWh),25
2183,28/03/2010,Tasmania,$/MWh),25
2184,28/09/2008,Tasmania,$/MWh),25
2185,4/4/2021,Tasmania,$/MWh),25
2186,27/03/2016,Tasmania,$/MWh),250
2187,28/02/2016,Tasmania,$/MWh),250
2188,13/03/2016,Tasmania,$/MWh),253
2189,6/3/2016,Tasmania,$/MWh),259
2190,11/4/2010,Tasmania,$/MWh),26
2191,18/09/2011,Tasmania,$/MWh),26
2192,2/1/2011,Tasmania,$/MWh),26
2193,21/03/2010,Tasmania,$/MWh),26
2194,27/03/2011,Tasmania,$/MWh),26
2195,27/12/2009,Tasmania,$/MWh),26
2196,3/5/2015,Tasmania,$/MWh),26
2197,4/10/2009,Tasmania,$/MWh),26
2198,6/11/2016,Tasmania,$/MWh),26
2199,6/3/2011,Tasmania,$/MWh),26
2200,9/1/2011,Tasmania,$/MWh),26
2201,10/4/2011,Tasmania,$/MWh),27
2202,10/5/2020,Tasmania,$/MWh),27
2203,11/1/2015,Tasmania,$/MWh),27
2204,13/03/2011,Tasmania,$/MWh),27
2205,17/01/2010,Tasmania,$/MWh),27
2206,17/04/2011,Tasmania,$/MWh),27
2207,19/06/2011,Tasmania,$/MWh),27
2208,19/08/2018,Tasmania,$/MWh),27
2209,20/05/2012,Tasmania,$/MWh),27
2210,21/12/2008,Tasmania,$/MWh),27
2211,23/01/2011,Tasmania,$/MWh),27
2212,26/06/2011,Tasmania,$/MWh),27
2213,27/02/2011,Tasmania,$/MWh),27
2214,28/02/2010,Tasmania,$/MWh),27
2215,28/08/2011,Tasmania,$/MWh),27
2216,3/4/2011,Tasmania,$/MWh),27
2217,4/9/2011,Tasmania,$/MWh),27
2218,5/8/2018,Tasmania,$/MWh),27
2219,14/08/2011,Tasmania,$/MWh),28
2220,20/12/2009,Tasmania,$/MWh),28
2221,24/04/2011,Tasmania,$/MWh),28
2222,27/05/2012,Tasmania,$/MWh),28
2223,5/10/2014,Tasmania,$/MWh),28
2224,6/2/2011,Tasmania,$/MWh),28
2225,13/02/2011,Tasmania,$/MWh),29
2226,14/06/2020,Tasmania,$/MWh),29
2227,18/07/2010,Tasmania,$/MWh),29
2228,18/10/2009,Tasmania,$/MWh),29
2229,2/10/2011,Tasmania,$/MWh),29
2230,20/02/2011,Tasmania,$/MWh),29
2231,21/02/2010,Tasmania,$/MWh),29
2232,21/02/2021,Tasmania,$/MWh),29
2233,22/07/2018,Tasmania,$/MWh),29
2234,24/01/2010,Tasmania,$/MWh),29
2235,27/07/2014,Tasmania,$/MWh),29
2236,3/7/2011,Tasmania,$/MWh),29
2237,8/4/2012,Tasmania,$/MWh),29
2238,7/6/2009,Tasmania,$/MWh),290
2239,1/11/2009,Tasmania,$/MWh),30
2240,1/4/2012,Tasmania,$/MWh),30
2241,10/8/2014,Tasmania,$/MWh),30
2242,11/9/2011,Tasmania,$/MWh),30
2243,12/7/2009,Tasmania,$/MWh),30
2244,14/02/2010,Tasmania,$/MWh),30
2245,14/02/2021,Tasmania,$/MWh),30
2246,14/03/2010,Tasmania,$/MWh),30
2247,14/03/2021,Tasmania,$/MWh),30
2248,20/11/2011,Tasmania,$/MWh),30
2249,21/03/2021,Tasmania,$/MWh),30
2250,25/12/2011,Tasmania,$/MWh),30
2251,26/07/2015,Tasmania,$/MWh),30
2252,28/09/2014,Tasmania,$/MWh),30
2253,28/12/2008,Tasmania,$/MWh),30
2254,29/07/2018,Tasmania,$/MWh),30
2255,31/01/2021,Tasmania,$/MWh),30
2256,5/7/2009,Tasmania,$/MWh),30
2257,7/6/2015,Tasmania,$/MWh),30
2258,7/8/2016,Tasmania,$/MWh),30
2259,9/2/2020,Tasmania,$/MWh),30
2260,9/8/2015,Tasmania,$/MWh),30
2261,1/5/2011,Tasmania,$/MWh),31
2262,12/6/2011,Tasmania,$/MWh),31
2263,13/11/2011,Tasmania,$/MWh),31
2264,14/08/2016,Tasmania,$/MWh),31
2265,16/10/2011,Tasmania,$/MWh),31
2266,17/05/2015,Tasmania,$/MWh),31
2267,18/03/2012,Tasmania,$/MWh),31
2268,21/06/2015,Tasmania,$/MWh),31
2269,21/06/2020,Tasmania,$/MWh),31
2270,23/08/2015,Tasmania,$/MWh),31
2271,25/03/2012,Tasmania,$/MWh),31
2272,27/06/2010,Tasmania,$/MWh),31
2273,28/03/2021,Tasmania,$/MWh),31
2274,3/1/2010,Tasmania,$/MWh),31
2275,3/5/2020,Tasmania,$/MWh),31
2276,5/6/2011,Tasmania,$/MWh),31
2277,6/6/2021,Tasmania,$/MWh),31
2278,6/7/2008,Tasmania,$/MWh),31
2279,7/3/2021,Tasmania,$/MWh),31
2280,9/10/2011,Tasmania,$/MWh),31
2281,13/12/2009,Tasmania,$/MWh),32
2282,16/05/2021,Tasmania,$/MWh),32
2283,16/08/2015,Tasmania,$/MWh),32
2284,18/12/2011,Tasmania,$/MWh),32
2285,22/05/2016,Tasmania,$/MWh),32
2286,22/11/2009,Tasmania,$/MWh),32
2287,23/10/2011,Tasmania,$/MWh),32
2288,29/03/2020,Tasmania,$/MWh),32
2289,29/11/2009,Tasmania,$/MWh),32
2290,3/8/2014,Tasmania,$/MWh),32
2291,30/01/2011,Tasmania,$/MWh),32
2292,30/10/2016,Tasmania,$/MWh),32
2293,9/10/2016,Tasmania,$/MWh),32
2294,1/12/2019,Tasmania,$/MWh),33
2295,10/1/2010,Tasmania,$/MWh),33
2296,13/11/2016,Tasmania,$/MWh),33
2297,14/12/2008,Tasmania,$/MWh),33
2298,16/10/2016,Tasmania,$/MWh),33
2299,18/05/2014,Tasmania,$/MWh),33
2300,2/11/2014,Tasmania,$/MWh),33
2301,20/04/2014,Tasmania,$/MWh),33
2302,21/09/2014,Tasmania,$/MWh),33
2303,22/12/2013,Tasmania,$/MWh),33
2304,25/12/2016,Tasmania,$/MWh),33
2305,28/02/2021,Tasmania,$/MWh),33
2306,28/06/2015,Tasmania,$/MWh),33
2307,28/12/2014,Tasmania,$/MWh),33
2308,4/7/2010,Tasmania,$/MWh),33
2309,6/6/2010,Tasmania,$/MWh),33
2310,1/1/2012,Tasmania,$/MWh),34
2311,13/05/2012,Tasmania,$/MWh),34
2312,13/07/2014,Tasmania,$/MWh),34
2313,14/06/2015,Tasmania,$/MWh),34
2314,20/06/2010,Tasmania,$/MWh),34
2315,22/06/2014,Tasmania,$/MWh),34
2316,24/01/2021,Tasmania,$/MWh),34
2317,29/12/2013,Tasmania,$/MWh),34
2318,3/6/2012,Tasmania,$/MWh),34
2319,30/05/2010,Tasmania,$/MWh),34
2320,5/10/2008,Tasmania,$/MWh),34
2321,5/4/2015,Tasmania,$/MWh),34
2322,1/3/2020,Tasmania,$/MWh),35
2323,10/7/2011,Tasmania,$/MWh),35
2324,12/10/2014,Tasmania,$/MWh),35
2325,13/09/2020,Tasmania,$/MWh),35
2326,15/05/2011,Tasmania,$/MWh),35
2327,15/11/2009,Tasmania,$/MWh),35
2328,15/12/2013,Tasmania,$/MWh),35
2329,17/07/2011,Tasmania,$/MWh),35
2330,19/07/2015,Tasmania,$/MWh),35
2331,2/10/2016,Tasmania,$/MWh),35
2332,2/8/2015,Tasmania,$/MWh),35
2333,20/07/2008,Tasmania,$/MWh),35
2334,22/04/2012,Tasmania,$/MWh),35
2335,25/08/2019,Tasmania,$/MWh),35
2336,25/10/2009,Tasmania,$/MWh),35
2337,26/01/2014,Tasmania,$/MWh),35
2338,27/09/2020,Tasmania,$/MWh),35
2339,29/06/2014,Tasmania,$/MWh),35
2340,31/05/2015,Tasmania,$/MWh),35
2341,5/7/2015,Tasmania,$/MWh),35
2342,6/7/2014,Tasmania,$/MWh),35
2343,6/9/2020,Tasmania,$/MWh),35
2344,7/12/2008,Tasmania,$/MWh),35
2345,7/2/2010,Tasmania,$/MWh),35
2346,17/06/2012,Tasmania,$/MWh),36
2347,18/01/2015,Tasmania,$/MWh),36
2348,24/06/2012,Tasmania,$/MWh),36
2349,25/04/2021,Tasmania,$/MWh),36
2350,25/09/2016,Tasmania,$/MWh),36
2351,27/04/2014,Tasmania,$/MWh),36
2352,29/05/2011,Tasmania,$/MWh),36
2353,30/08/2020,Tasmania,$/MWh),36
2354,5/1/2014,Tasmania,$/MWh),36
2355,5/2/2012,Tasmania,$/MWh),36
2356,5/4/2020,Tasmania,$/MWh),36
2357,6/5/2012,Tasmania,$/MWh),36
2358,8/3/2009,Tasmania,$/MWh),36
2359,8/9/2019,Tasmania,$/MWh),36
2360,1/2/2009,Tasmania,$/MWh),37
2361,1/3/2009,Tasmania,$/MWh),37
2362,10/6/2012,Tasmania,$/MWh),37
2363,15/03/2020,Tasmania,$/MWh),37
2364,15/09/2013,Tasmania,$/MWh),37
2365,17/01/2021,Tasmania,$/MWh),37
2366,19/10/2014,Tasmania,$/MWh),37
2367,22/03/2009,Tasmania,$/MWh),37
2368,23/09/2012,Tasmania,$/MWh),37
2369,24/05/2015,Tasmania,$/MWh),37
2370,25/05/2014,Tasmania,$/MWh),37
2371,27/10/2013,Tasmania,$/MWh),37
2372,29/01/2012,Tasmania,$/MWh),37
2373,30/09/2012,Tasmania,$/MWh),37
2374,30/10/2011,Tasmania,$/MWh),37
2375,30/11/2008,Tasmania,$/MWh),37
2376,7/8/2011,Tasmania,$/MWh),37
2377,8/2/2009,Tasmania,$/MWh),37
2378,8/5/2016,Tasmania,$/MWh),37
2379,11/12/2016,Tasmania,$/MWh),38
2380,12/2/2012,Tasmania,$/MWh),38
2381,13/04/2014,Tasmania,$/MWh),38
2382,15/03/2009,Tasmania,$/MWh),38
2383,15/03/2015,Tasmania,$/MWh),38
2384,19/02/2012,Tasmania,$/MWh),38
2385,23/05/2021,Tasmania,$/MWh),38
2386,26/02/2012,Tasmania,$/MWh),38
2387,29/04/2012,Tasmania,$/MWh),38
2388,7/2/2021,Tasmania,$/MWh),38
2389,7/6/2020,Tasmania,$/MWh),38
2390,8/11/2009,Tasmania,$/MWh),38
2391,9/11/2014,Tasmania,$/MWh),38
2392,9/9/2012,Tasmania,$/MWh),38
2393,11/3/2012,Tasmania,$/MWh),39
2394,14/09/2014,Tasmania,$/MWh),39
2395,15/02/2015,Tasmania,$/MWh),39
2396,2/6/2013,Tasmania,$/MWh),39
2397,20/07/2014,Tasmania,$/MWh),39
2398,22/03/2015,Tasmania,$/MWh),39
2399,22/03/2020,Tasmania,$/MWh),39
2400,25/07/2010,Tasmania,$/MWh),39
2401,28/06/2020,Tasmania,$/MWh),39
2402,29/09/2013,Tasmania,$/MWh),39
2403,3/1/2021,Tasmania,$/MWh),39
2404,4/3/2012,Tasmania,$/MWh),39
2405,4/5/2014,Tasmania,$/MWh),39
2406,6/10/2013,Tasmania,$/MWh),39
2407,8/1/2012,Tasmania,$/MWh),39
2408,8/12/2013,Tasmania,$/MWh),39
2409,8/2/2015,Tasmania,$/MWh),39
2410,10/5/2009,Tasmania,$/MWh),40
2411,11/10/2020,Tasmania,$/MWh),40
2412,11/5/2014,Tasmania,$/MWh),40
2413,13/10/2013,Tasmania,$/MWh),40
2414,15/01/2012,Tasmania,$/MWh),40
2415,18/12/2016,Tasmania,$/MWh),40
2416,20/10/2013,Tasmania,$/MWh),40
2417,20/11/2016,Tasmania,$/MWh),40
2418,25/01/2015,Tasmania,$/MWh),40
2419,26/08/2012,Tasmania,$/MWh),40
2420,26/10/2014,Tasmania,$/MWh),40
2421,28/04/2013,Tasmania,$/MWh),40
2422,29/03/2015,Tasmania,$/MWh),40
2423,3/11/2013,Tasmania,$/MWh),40
2424,6/4/2014,Tasmania,$/MWh),40
2425,6/9/2015,Tasmania,$/MWh),40
2426,7/9/2014,Tasmania,$/MWh),40
2427,8/3/2020,Tasmania,$/MWh),40
2428,8/9/2013,Tasmania,$/MWh),40
2429,14/06/2009,Tasmania,$/MWh),405
2430,1/3/2015,Tasmania,$/MWh),41
2431,1/9/2013,Tasmania,$/MWh),41
2432,12/4/2015,Tasmania,$/MWh),41
2433,16/09/2012,Tasmania,$/MWh),41
2434,17/05/2020,Tasmania,$/MWh),41
2435,19/04/2015,Tasmania,$/MWh),41
2436,21/04/2013,Tasmania,$/MWh),41
2437,21/12/2014,Tasmania,$/MWh),41
2438,23/02/2020,Tasmania,$/MWh),41
2439,23/11/2008,Tasmania,$/MWh),41
2440,23/12/2012,Tasmania,$/MWh),41
2441,29/11/2020,Tasmania,$/MWh),41
2442,6/11/2011,Tasmania,$/MWh),41
2443,6/12/2009,Tasmania,$/MWh),41
2444,9/6/2013,Tasmania,$/MWh),41
2445,10/1/2021,Tasmania,$/MWh),42
2446,11/8/2013,Tasmania,$/MWh),42
2447,12/5/2013,Tasmania,$/MWh),42
2448,12/7/2015,Tasmania,$/MWh),42
2449,13/09/2015,Tasmania,$/MWh),42
2450,16/02/2014,Tasmania,$/MWh),42
2451,16/03/2014,Tasmania,$/MWh),42
2452,19/01/2014,Tasmania,$/MWh),42
2453,2/2/2020,Tasmania,$/MWh),42
2454,2/9/2012,Tasmania,$/MWh),42
2455,20/09/2020,Tasmania,$/MWh),42
2456,20/12/2020,Tasmania,$/MWh),42
2457,21/06/2009,Tasmania,$/MWh),42
2458,21/09/2008,Tasmania,$/MWh),42
2459,21/10/2012,Tasmania,$/MWh),42
2460,22/02/2009,Tasmania,$/MWh),42
2461,23/10/2016,Tasmania,$/MWh),42
2462,30/03/2014,Tasmania,$/MWh),42
2463,30/06/2013,Tasmania,$/MWh),42
2464,4/1/2015,Tasmania,$/MWh),42
2465,4/9/2016,Tasmania,$/MWh),42
2466,8/3/2015,Tasmania,$/MWh),42
2467,9/5/2021,Tasmania,$/MWh),42
2468,10/11/2013,Tasmania,$/MWh),43
2469,14/09/2008,Tasmania,$/MWh),43
2470,16/11/2014,Tasmania,$/MWh),43
2471,19/05/2013,Tasmania,$/MWh),43
2472,23/02/2014,Tasmania,$/MWh),43
2473,24/03/2013,Tasmania,$/MWh),43
2474,26/04/2015,Tasmania,$/MWh),43
2475,1/2/2015,Tasmania,$/MWh),44
2476,12/10/2008,Tasmania,$/MWh),44
2477,14/12/2014,Tasmania,$/MWh),44
2478,16/02/2020,Tasmania,$/MWh),44
2479,16/12/2012,Tasmania,$/MWh),44
2480,17/08/2014,Tasmania,$/MWh),44
2481,22/01/2012,Tasmania,$/MWh),44
2482,3/2/2013,Tasmania,$/MWh),44
2483,31/08/2014,Tasmania,$/MWh),44
2484,9/3/2014,Tasmania,$/MWh),44
2485,1/12/2013,Tasmania,$/MWh),45
2486,10/2/2013,Tasmania,$/MWh),45
2487,13/12/2020,Tasmania,$/MWh),45
2488,14/10/2012,Tasmania,$/MWh),45
2489,15/06/2014,Tasmania,$/MWh),45
2490,2/5/2021,Tasmania,$/MWh),45
2491,22/05/2011,Tasmania,$/MWh),45
2492,23/03/2014,Tasmania,$/MWh),45
2493,24/08/2014,Tasmania,$/MWh),45
2494,25/08/2013,Tasmania,$/MWh),45
2495,27/12/2020,Tasmania,$/MWh),45
2496,30/08/2015,Tasmania,$/MWh),45
2497,4/1/2009,Tasmania,$/MWh),45
2498,4/8/2013,Tasmania,$/MWh),45
2499,8/5/2011,Tasmania,$/MWh),45
2500,8/6/2014,Tasmania,$/MWh),45
2501,9/2/2014,Tasmania,$/MWh),45
2502,13/01/2013,Tasmania,$/MWh),46
2503,14/04/2013,Tasmania,$/MWh),46
2504,15/02/2009,Tasmania,$/MWh),46
2505,16/11/2008,Tasmania,$/MWh),46
2506,17/02/2013,Tasmania,$/MWh),46
2507,19/08/2012,Tasmania,$/MWh),46
2508,24/05/2020,Tasmania,$/MWh),46
2509,26/05/2013,Tasmania,$/MWh),46
2510,28/07/2013,Tasmania,$/MWh),46
2511,5/6/2016,Tasmania,$/MWh),46
2512,7/4/2013,Tasmania,$/MWh),46
2513,2/2/2014,Tasmania,$/MWh),47
2514,23/11/2014,Tasmania,$/MWh),47
2515,28/10/2012,Tasmania,$/MWh),47
2516,31/05/2020,Tasmania,$/MWh),47
2517,11/11/2012,Tasmania,$/MWh),48
2518,15/09/2019,Tasmania,$/MWh),48
2519,31/07/2016,Tasmania,$/MWh),48
2520,10/11/2019,Tasmania,$/MWh),49
2521,15/04/2012,Tasmania,$/MWh),49
2522,15/07/2018,Tasmania,$/MWh),49
2523,17/03/2013,Tasmania,$/MWh),49
2524,19/04/2009,Tasmania,$/MWh),49
2525,2/3/2014,Tasmania,$/MWh),49
2526,22/06/2008,Tasmania,$/MWh),49
2527,24/02/2013,Tasmania,$/MWh),49
2528,27/09/2015,Tasmania,$/MWh),49
2529,4/11/2012,Tasmania,$/MWh),49
2530,4/12/2016,Tasmania,$/MWh),49
2531,6/1/2013,Tasmania,$/MWh),49
2532,7/10/2012,Tasmania,$/MWh),49
2533,1/9/2019,Tasmania,$/MWh),50
2534,12/8/2012,Tasmania,$/MWh),50
2535,17/07/2016,Tasmania,$/MWh),50
2536,19/01/2020,Tasmania,$/MWh),50
2537,21/07/2013,Tasmania,$/MWh),50
2538,22/02/2015,Tasmania,$/MWh),50
2539,30/05/2021,Tasmania,$/MWh),50
2540,31/03/2013,Tasmania,$/MWh),50
2541,7/12/2014,Tasmania,$/MWh),50
2542,1/6/2014,Tasmania,$/MWh),51
2543,18/09/2016,Tasmania,$/MWh),51
2544,18/11/2012,Tasmania,$/MWh),51
2545,2/12/2012,Tasmania,$/MWh),51
2546,23/05/2010,Tasmania,$/MWh),51
2547,30/11/2014,Tasmania,$/MWh),51
2548,5/8/2012,Tasmania,$/MWh),51
2549,9/12/2012,Tasmania,$/MWh),51
2550,17/11/2013,Tasmania,$/MWh),52
2551,2/8/2020,Tasmania,$/MWh),52
2552,27/07/2008,Tasmania,$/MWh),52
2553,28/08/2016,Tasmania,$/MWh),52
2554,4/10/2015,Tasmania,$/MWh),52
2555,5/5/2013,Tasmania,$/MWh),52
2556,5/7/2020,Tasmania,$/MWh),52
2557,9/5/2010,Tasmania,$/MWh),52
2558,15/07/2012,Tasmania,$/MWh),53
2559,15/12/2019,Tasmania,$/MWh),53
2560,22/09/2013,Tasmania,$/MWh),53
2561,24/07/2016,Tasmania,$/MWh),53
2562,24/08/2008,Tasmania,$/MWh),53
2563,24/09/2017,Tasmania,$/MWh),53
2564,7/9/2008,Tasmania,$/MWh),53
2565,8/12/2019,Tasmania,$/MWh),53
2566,1/7/2018,Tasmania,$/MWh),54
2567,10/3/2013,Tasmania,$/MWh),54
2568,11/9/2016,Tasmania,$/MWh),54
2569,12/4/2009,Tasmania,$/MWh),54
2570,15/11/2020,Tasmania,$/MWh),54
2571,18/08/2013,Tasmania,$/MWh),54
2572,25/10/2020,Tasmania,$/MWh),54
2573,31/08/2008,Tasmania,$/MWh),54
2574,7/7/2013,Tasmania,$/MWh),54
2575,1/11/2020,Tasmania,$/MWh),55
2576,18/08/2019,Tasmania,$/MWh),55
2577,23/08/2020,Tasmania,$/MWh),55
2578,27/01/2013,Tasmania,$/MWh),55
2579,29/07/2012,Tasmania,$/MWh),55
2580,3/5/2009,Tasmania,$/MWh),55
2581,11/10/2015,Tasmania,$/MWh),56
2582,16/06/2013,Tasmania,$/MWh),56
2583,20/01/2013,Tasmania,$/MWh),56
2584,22/07/2012,Tasmania,$/MWh),56
2585,3/8/2008,Tasmania,$/MWh),56
2586,15/06/2008,Tasmania,$/MWh),57
2587,24/11/2013,Tasmania,$/MWh),57
2588,25/11/2012,Tasmania,$/MWh),57
2589,3/3/2013,Tasmania,$/MWh),57
2590,9/11/2008,Tasmania,$/MWh),57
2591,17/08/2008,Tasmania,$/MWh),58
2592,17/11/2019,Tasmania,$/MWh),58
2593,18/10/2020,Tasmania,$/MWh),58
2594,19/10/2008,Tasmania,$/MWh),58
2595,20/09/2015,Tasmania,$/MWh),58
2596,24/07/2011,Tasmania,$/MWh),58
2597,8/7/2012,Tasmania,$/MWh),58
2598,1/10/2017,Tasmania,$/MWh),59
2599,2/12/2018,Tasmania,$/MWh),59
2600,8/6/2008,Tasmania,$/MWh),59
2601,9/8/2020,Tasmania,$/MWh),59
2602,18/01/2009,Tasmania,$/MWh),60
2603,26/07/2020,Tasmania,$/MWh),60
2604,8/11/2020,Tasmania,$/MWh),60
2605,12/7/2020,Tasmania,$/MWh),62
2606,22/12/2019,Tasmania,$/MWh),62
2607,26/10/2008,Tasmania,$/MWh),62
2608,8/10/2017,Tasmania,$/MWh),62
2609,8/7/2018,Tasmania,$/MWh),62
2610,10/8/2008,Tasmania,$/MWh),63
2611,11/1/2009,Tasmania,$/MWh),63
2612,2/11/2008,Tasmania,$/MWh),63
2613,5/1/2020,Tasmania,$/MWh),63
2614,14/07/2013,Tasmania,$/MWh),64
2615,16/08/2020,Tasmania,$/MWh),64
2616,18/10/2015,Tasmania,$/MWh),64
2617,14/11/2010,Tasmania,$/MWh),65
2618,19/07/2020,Tasmania,$/MWh),65
2619,21/08/2016,Tasmania,$/MWh),65
2620,21/07/2019,Tasmania,$/MWh),66
2621,23/06/2013,Tasmania,$/MWh),66
2622,20/05/2018,Tasmania,$/MWh),68
2623,10/7/2016,Tasmania,$/MWh),69
2624,17/06/2018,Tasmania,$/MWh),69
2625,22/11/2020,Tasmania,$/MWh),69
2626,27/11/2016,Tasmania,$/MWh),69
2627,23/12/2018,Tasmania,$/MWh),70
2628,24/06/2018,Tasmania,$/MWh),70
2629,25/10/2015,Tasmania,$/MWh),70
2630,30/12/2012,Tasmania,$/MWh),70
2631,5/4/2009,Tasmania,$/MWh),70
2632,14/07/2019,Tasmania,$/MWh),71
2633,15/10/2017,Tasmania,$/MWh),71
2634,12/1/2020,Tasmania,$/MWh),72
2635,17/09/2017,Tasmania,$/MWh),72
2636,18/03/2018,Tasmania,$/MWh),72
2637,24/11/2019,Tasmania,$/MWh),72
2638,1/11/2015,Tasmania,$/MWh),73
2639,17/05/2009,Tasmania,$/MWh),73
2640,8/4/2018,Tasmania,$/MWh),73
2641,1/7/2012,Tasmania,$/MWh),74
2642,10/6/2018,Tasmania,$/MWh),75
2643,13/06/2021,Tasmania,$/MWh),75
2644,15/04/2018,Tasmania,$/MWh),75
2645,18/11/2018,Tasmania,$/MWh),75
2646,6/5/2018,Tasmania,$/MWh),75
2647,12/6/2016,Tasmania,$/MWh),76
2648,13/05/2018,Tasmania,$/MWh),76
2649,25/03/2018,Tasmania,$/MWh),76
2650,1/4/2018,Tasmania,$/MWh),77
2651,30/06/2019,Tasmania,$/MWh),77
2652,7/7/2019,Tasmania,$/MWh),77
2653,16/12/2018,Tasmania,$/MWh),78
2654,26/04/2009,Tasmania,$/MWh),78
2655,27/05/2018,Tasmania,$/MWh),78
2656,27/06/2021,Tasmania,$/MWh),78
2657,29/03/2009,Tasmania,$/MWh),78
2658,29/12/2019,Tasmania,$/MWh),78
2659,3/12/2017,Tasmania,$/MWh),79
2660,8/1/2017,Tasmania,$/MWh),79
2661,8/11/2015,Tasmania,$/MWh),79
2662,13/08/2017,Tasmania,$/MWh),80
2663,29/05/2016,Tasmania,$/MWh),80
2664,31/12/2017,Tasmania,$/MWh),80
2665,9/12/2018,Tasmania,$/MWh),80
2666,24/12/2017,Tasmania,$/MWh),81
2667,10/9/2017,Tasmania,$/MWh),82
2668,12/2/2017,Tasmania,$/MWh),82
2669,22/10/2017,Tasmania,$/MWh),82
2670,29/10/2017,Tasmania,$/MWh),82
2671,3/6/2018,Tasmania,$/MWh),82
2672,7/10/2018,Tasmania,$/MWh),82
2673,9/6/2019,Tasmania,$/MWh),82
2674,21/04/2019,Tasmania,$/MWh),83
2675,4/11/2018,Tasmania,$/MWh),84
2676,21/05/2017,Tasmania,$/MWh),85
2677,22/01/2017,Tasmania,$/MWh),85
2678,29/01/2017,Tasmania,$/MWh),85
2679,18/02/2018,Tasmania,$/MWh),86
2680,19/06/2016,Tasmania,$/MWh),86
2681,3/9/2017,Tasmania,$/MWh),86
2682,12/5/2019,Tasmania,$/MWh),87
2683,25/02/2018,Tasmania,$/MWh),87
2684,7/1/2018,Tasmania,$/MWh),87
2685,11/11/2018,Tasmania,$/MWh),88
2686,6/12/2015,Tasmania,$/MWh),88
2687,11/2/2018,Tasmania,$/MWh),89
2688,12/11/2017,Tasmania,$/MWh),89
2689,15/11/2015,Tasmania,$/MWh),89
2690,26/05/2019,Tasmania,$/MWh),89
2691,27/10/2019,Tasmania,$/MWh),89
2692,31/07/2011,Tasmania,$/MWh),9
2693,14/10/2018,Tasmania,$/MWh),90
2694,15/01/2017,Tasmania,$/MWh),90
2695,5/11/2017,Tasmania,$/MWh),90
2696,11/3/2018,Tasmania,$/MWh),91
2697,13/12/2015,Tasmania,$/MWh),91
2698,22/09/2019,Tasmania,$/MWh),91
2699,26/11/2017,Tasmania,$/MWh),91
2700,3/11/2019,Tasmania,$/MWh),91
2701,19/05/2019,Tasmania,$/MWh),92
2702,22/11/2015,Tasmania,$/MWh),92
2703,29/04/2018,Tasmania,$/MWh),92
2704,31/05/2009,Tasmania,$/MWh),92
2705,4/3/2018,Tasmania,$/MWh),92
2706,1/5/2016,Tasmania,$/MWh),93
2707,21/10/2018,Tasmania,$/MWh),93
2708,28/07/2019,Tasmania,$/MWh),93
2709,29/11/2015,Tasmania,$/MWh),93
2710,25/11/2018,Tasmania,$/MWh),94
2711,14/01/2018,Tasmania,$/MWh),95
2712,19/02/2017,Tasmania,$/MWh),95
2713,22/04/2018,Tasmania,$/MWh),95
2714,4/8/2019,Tasmania,$/MWh),95
2715,6/8/2017,Tasmania,$/MWh),95
2716,1/1/2017,Tasmania,$/MWh),96
2717,29/09/2019,Tasmania,$/MWh),96
2718,4/2/2018,Tasmania,$/MWh),96
2719,23/06/2019,Tasmania,$/MWh),97
2720,5/5/2019,Tasmania,$/MWh),97
2721,11/8/2019,Tasmania,$/MWh),98
2722,20/10/2019,Tasmania,$/MWh),98
2723,28/05/2017,Tasmania,$/MWh),98
2724,30/12/2018,Tasmania,$/MWh),98
2725,20/08/2017,Tasmania,$/MWh),99
2726,26/02/2017,Tasmania,$/MWh),99
2727,3/1/2016,Tasmania,$/MWh),99
2728,5/3/2017,Tasmania,$/MWh),99
2729,11/11/2018,Victoria,$/MWh),100
2730,28/04/2019,Victoria,$/MWh),100
2731,11/6/2017,Victoria,$/MWh),101
2732,13/05/2018,Victoria,$/MWh),101
2733,28/05/2017,Victoria,$/MWh),101
2734,29/12/2019,Victoria,$/MWh),101
2735,20/01/2019,Victoria,$/MWh),1019
2736,14/10/2018,Victoria,$/MWh),102
2737,15/12/2019,Victoria,$/MWh),102
2738,17/02/2019,Victoria,$/MWh),103
2739,25/06/2017,Victoria,$/MWh),103
2740,27/10/2019,Victoria,$/MWh),103
2741,4/6/2017,Victoria,$/MWh),103
2742,5/5/2019,Victoria,$/MWh),103
2743,25/11/2018,Victoria,$/MWh),104
2744,30/12/2012,Victoria,$/MWh),104
2745,2/12/2018,Victoria,$/MWh),105
2746,30/09/2018,Victoria,$/MWh),105
2747,13/06/2021,Victoria,$/MWh),106
2748,17/06/2018,Victoria,$/MWh),107
2749,20/08/2017,Victoria,$/MWh),107
2750,3/6/2018,Victoria,$/MWh),107
2751,1/7/2012,Victoria,$/MWh),108
2752,29/09/2019,Victoria,$/MWh),108
2753,16/04/2017,Victoria,$/MWh),109
2754,26/06/2016,Victoria,$/MWh),109
2755,30/04/2017,Victoria,$/MWh),109
2756,4/8/2019,Victoria,$/MWh),109
2757,23/04/2017,Victoria,$/MWh),110
2758,26/08/2018,Victoria,$/MWh),110
2759,16/07/2017,Victoria,$/MWh),111
2760,26/11/2017,Victoria,$/MWh),111
2761,28/07/2019,Victoria,$/MWh),111
2762,28/10/2018,Victoria,$/MWh),111
2763,31/03/2019,Victoria,$/MWh),111
2764,17/03/2019,Victoria,$/MWh),112
2765,23/07/2017,Victoria,$/MWh),112
2766,2/4/2017,Victoria,$/MWh),113
2767,9/4/2017,Victoria,$/MWh),113
2768,21/01/2018,Victoria,$/MWh),114
2769,3/3/2019,Victoria,$/MWh),114
2770,14/05/2017,Victoria,$/MWh),115
2771,9/12/2018,Victoria,$/MWh),115
2772,19/11/2017,Victoria,$/MWh),116
2773,7/4/2019,Victoria,$/MWh),116
2774,6/10/2019,Victoria,$/MWh),117
2775,15/09/2019,Victoria,$/MWh),119
2776,27/08/2017,Victoria,$/MWh),119
2777,28/01/2018,Victoria,$/MWh),120
2778,19/03/2017,Victoria,$/MWh),122
2779,3/2/2019,Victoria,$/MWh),122
2780,30/07/2017,Victoria,$/MWh),122
2781,9/7/2017,Victoria,$/MWh),122
2782,16/06/2019,Victoria,$/MWh),123
2783,3/7/2016,Victoria,$/MWh),123
2784,26/03/2017,Victoria,$/MWh),126
2785,20/06/2021,Victoria,$/MWh),128
2786,22/09/2019,Victoria,$/MWh),129
2787,5/2/2017,Victoria,$/MWh),129
2788,11/8/2019,Victoria,$/MWh),131
2789,2/9/2018,Victoria,$/MWh),131
2790,2/6/2019,Victoria,$/MWh),134
2791,25/08/2019,Victoria,$/MWh),134
2792,2/7/2017,Victoria,$/MWh),135
2793,7/5/2017,Victoria,$/MWh),138
2794,10/1/2016,Victoria,$/MWh),139
2795,6/12/2020,Victoria,$/MWh),14
2796,29/05/2016,Victoria,$/MWh),144
2797,19/12/2010,Victoria,$/MWh),15
2798,3/1/2021,Victoria,$/MWh),15
2799,13/01/2019,Victoria,$/MWh),158
2800,27/01/2019,Victoria,$/MWh),158
2801,26/12/2010,Victoria,$/MWh),16
2802,5/12/2010,Victoria,$/MWh),16
2803,16/05/2021,Victoria,$/MWh),163
2804,12/12/2010,Victoria,$/MWh),18
2805,14/11/2010,Victoria,$/MWh),18
2806,25/01/2015,Victoria,$/MWh),18
2807,27/12/2020,Victoria,$/MWh),18
2808,31/10/2010,Victoria,$/MWh),18
2809,30/01/2011,Victoria,$/MWh),189
2810,4/2/2018,Victoria,$/MWh),189
2811,21/12/2008,Victoria,$/MWh),19
2812,24/10/2010,Victoria,$/MWh),19
2813,28/11/2010,Victoria,$/MWh),19
2814,28/12/2008,Victoria,$/MWh),19
2815,30/08/2009,Victoria,$/MWh),19
2816,31/01/2021,Victoria,$/MWh),19
2817,8/1/2012,Victoria,$/MWh),19
2818,10/10/2010,Victoria,$/MWh),20
2819,21/11/2010,Victoria,$/MWh),20
2820,25/12/2011,Victoria,$/MWh),20
2821,3/10/2010,Victoria,$/MWh),20
2822,7/11/2010,Victoria,$/MWh),20
2823,12/1/2014,Victoria,$/MWh),204
2824,7/2/2010,Victoria,$/MWh),206
2825,28/03/2010,Victoria,$/MWh),21
2826,4/3/2012,Victoria,$/MWh),21
2827,7/3/2010,Victoria,$/MWh),21
2828,15/03/2015,Victoria,$/MWh),22
2829,16/08/2009,Victoria,$/MWh),22
2830,19/09/2010,Victoria,$/MWh),22
2831,21/02/2021,Victoria,$/MWh),22
2832,23/10/2011,Victoria,$/MWh),22
2833,26/09/2010,Victoria,$/MWh),22
2834,28/02/2021,Victoria,$/MWh),22
2835,6/12/2009,Victoria,$/MWh),22
2836,7/2/2021,Victoria,$/MWh),22
2837,8/2/2009,Victoria,$/MWh),22
2838,25/11/2012,Victoria,$/MWh),221
2839,1/3/2009,Victoria,$/MWh),23
2840,11/7/2010,Victoria,$/MWh),23
2841,12/9/2010,Victoria,$/MWh),23
2842,14/12/2008,Victoria,$/MWh),23
2843,16/10/2011,Victoria,$/MWh),23
2844,17/01/2010,Victoria,$/MWh),23
2845,20/12/2009,Victoria,$/MWh),23
2846,21/03/2010,Victoria,$/MWh),23
2847,26/10/2014,Victoria,$/MWh),23
2848,27/03/2016,Victoria,$/MWh),23
2849,28/02/2010,Victoria,$/MWh),23
2850,29/08/2010,Victoria,$/MWh),23
2851,30/10/2011,Victoria,$/MWh),23
2852,4/4/2010,Victoria,$/MWh),23
2853,5/4/2015,Victoria,$/MWh),23
2854,5/9/2010,Victoria,$/MWh),23
2855,1/11/2015,Victoria,$/MWh),24
2856,11/12/2011,Victoria,$/MWh),24
2857,13/06/2010,Victoria,$/MWh),24
2858,13/09/2009,Victoria,$/MWh),24
2859,16/01/2011,Victoria,$/MWh),24
2860,18/10/2009,Victoria,$/MWh),24
2861,19/10/2014,Victoria,$/MWh),24
2862,2/8/2009,Victoria,$/MWh),24
2863,20/09/2009,Victoria,$/MWh),24
2864,21/12/2014,Victoria,$/MWh),24
2865,22/03/2009,Victoria,$/MWh),24
2866,23/08/2009,Victoria,$/MWh),24
2867,26/06/2011,Victoria,$/MWh),24
2868,27/11/2011,Victoria,$/MWh),24
2869,27/12/2009,Victoria,$/MWh),24
2870,28/06/2009,Victoria,$/MWh),24
2871,29/11/2009,Victoria,$/MWh),24
2872,4/12/2011,Victoria,$/MWh),24
2873,9/8/2009,Victoria,$/MWh),24
2874,13/05/2012,Victoria,$/MWh),25
2875,15/01/2012,Victoria,$/MWh),25
2876,15/08/2010,Victoria,$/MWh),25
2877,18/03/2012,Victoria,$/MWh),25
2878,18/12/2011,Victoria,$/MWh),25
2879,18/12/2016,Victoria,$/MWh),25
2880,19/07/2009,Victoria,$/MWh),25
2881,2/5/2010,Victoria,$/MWh),25
2882,20/03/2011,Victoria,$/MWh),25
2883,20/05/2012,Victoria,$/MWh),25
2884,24/04/2011,Victoria,$/MWh),25
2885,25/09/2011,Victoria,$/MWh),25
2886,25/10/2009,Victoria,$/MWh),25
2887,26/02/2012,Victoria,$/MWh),25
2888,26/04/2020,Victoria,$/MWh),25
2889,26/07/2009,Victoria,$/MWh),25
2890,5/2/2012,Victoria,$/MWh),25
2891,6/3/2011,Victoria,$/MWh),25
2892,6/9/2009,Victoria,$/MWh),25
2893,7/12/2008,Victoria,$/MWh),25
2894,8/3/2009,Victoria,$/MWh),25
2895,1/1/2012,Victoria,$/MWh),26
2896,1/11/2009,Victoria,$/MWh),26
2897,11/1/2015,Victoria,$/MWh),26
2898,11/10/2009,Victoria,$/MWh),26
2899,11/3/2012,Victoria,$/MWh),26
2900,11/4/2010,Victoria,$/MWh),26
2901,12/2/2012,Victoria,$/MWh),26
2902,13/03/2011,Victoria,$/MWh),26
2903,14/03/2021,Victoria,$/MWh),26
2904,19/06/2011,Victoria,$/MWh),26
2905,2/1/2011,Victoria,$/MWh),26
2906,2/10/2011,Victoria,$/MWh),26
2907,2/11/2014,Victoria,$/MWh),26
2908,21/08/2011,Victoria,$/MWh),26
2909,22/02/2009,Victoria,$/MWh),26
2910,22/08/2010,Victoria,$/MWh),26
2911,25/04/2010,Victoria,$/MWh),26
2912,27/02/2011,Victoria,$/MWh),26
2913,27/03/2011,Victoria,$/MWh),26
2914,27/09/2009,Victoria,$/MWh),26
2915,28/09/2014,Victoria,$/MWh),26
2916,28/12/2014,Victoria,$/MWh),26
2917,29/03/2015,Victoria,$/MWh),26
2918,3/4/2011,Victoria,$/MWh),26
2919,8/3/2015,Victoria,$/MWh),26
2920,10/1/2021,Victoria,$/MWh),27
2921,10/4/2011,Victoria,$/MWh),27
2922,17/04/2011,Victoria,$/MWh),27
2923,17/10/2010,Victoria,$/MWh),27
2924,20/11/2011,Victoria,$/MWh),27
2925,21/06/2009,Victoria,$/MWh),27
2926,22/03/2015,Victoria,$/MWh),27
2927,23/01/2011,Victoria,$/MWh),27
2928,24/01/2010,Victoria,$/MWh),27
2929,24/01/2021,Victoria,$/MWh),27
2930,25/03/2012,Victoria,$/MWh),27
2931,25/07/2010,Victoria,$/MWh),27
2932,27/05/2012,Victoria,$/MWh),27
2933,3/1/2010,Victoria,$/MWh),27
2934,3/5/2015,Victoria,$/MWh),27
2935,30/11/2008,Victoria,$/MWh),27
2936,4/9/2011,Victoria,$/MWh),27
2937,4/9/2016,Victoria,$/MWh),27
2938,6/2/2011,Victoria,$/MWh),27
2939,8/2/2015,Victoria,$/MWh),27
2940,18/04/2010,Victoria,$/MWh),271
2941,1/2/2015,Victoria,$/MWh),28
2942,13/11/2011,Victoria,$/MWh),28
2943,14/02/2010,Victoria,$/MWh),28
2944,14/03/2010,Victoria,$/MWh),28
2945,14/12/2014,Victoria,$/MWh),28
2946,18/09/2011,Victoria,$/MWh),28
2947,19/04/2020,Victoria,$/MWh),28
2948,20/02/2011,Victoria,$/MWh),28
2949,21/02/2010,Victoria,$/MWh),28
2950,22/01/2012,Victoria,$/MWh),28
2951,23/11/2008,Victoria,$/MWh),28
2952,29/01/2012,Victoria,$/MWh),28
2953,3/7/2011,Victoria,$/MWh),28
2954,30/10/2016,Victoria,$/MWh),28
2955,31/01/2016,Victoria,$/MWh),28
2956,31/07/2011,Victoria,$/MWh),28
2957,4/7/2010,Victoria,$/MWh),28
2958,6/5/2012,Victoria,$/MWh),28
2959,9/11/2014,Victoria,$/MWh),28
2960,10/1/2010,Victoria,$/MWh),280
2961,11/4/2021,Victoria,$/MWh),29
2962,12/10/2014,Victoria,$/MWh),29
2963,13/11/2016,Victoria,$/MWh),29
2964,14/02/2021,Victoria,$/MWh),29
2965,14/06/2009,Victoria,$/MWh),29
2966,17/07/2011,Victoria,$/MWh),29
2967,2/10/2016,Victoria,$/MWh),29
2968,20/12/2020,Victoria,$/MWh),29
2969,22/11/2009,Victoria,$/MWh),29
2970,24/01/2016,Victoria,$/MWh),29
2971,24/05/2009,Victoria,$/MWh),29
2972,27/07/2014,Victoria,$/MWh),29
2973,28/08/2011,Victoria,$/MWh),29
2974,4/4/2021,Victoria,$/MWh),29
2975,5/10/2014,Victoria,$/MWh),29
2976,6/9/2020,Victoria,$/MWh),29
2977,8/4/2012,Victoria,$/MWh),29
2978,9/10/2011,Victoria,$/MWh),29
2979,10/5/2015,Victoria,$/MWh),30
2980,13/12/2009,Victoria,$/MWh),30
2981,17/05/2009,Victoria,$/MWh),30
2982,18/01/2015,Victoria,$/MWh),30
2983,19/02/2012,Victoria,$/MWh),30
2984,23/05/2010,Victoria,$/MWh),30
2985,25/12/2016,Victoria,$/MWh),30
2986,3/5/2020,Victoria,$/MWh),30
2987,4/10/2009,Victoria,$/MWh),30
2988,6/11/2011,Victoria,$/MWh),30
2989,7/12/2014,Victoria,$/MWh),30
2990,8/8/2010,Victoria,$/MWh),30
2991,9/1/2011,Victoria,$/MWh),30
2992,1/3/2015,Victoria,$/MWh),31
2993,1/4/2012,Victoria,$/MWh),31
2994,10/5/2009,Victoria,$/MWh),31
2995,11/9/2011,Victoria,$/MWh),31
2996,12/4/2015,Victoria,$/MWh),31
2997,12/6/2011,Victoria,$/MWh),31
2998,12/7/2009,Victoria,$/MWh),31
2999,13/02/2011,Victoria,$/MWh),31
3000,14/08/2011,Victoria,$/MWh),31
3001,14/08/2016,Victoria,$/MWh),31
3002,15/02/2009,Victoria,$/MWh),31
3003,15/02/2015,Victoria,$/MWh),31
3004,16/11/2008,Victoria,$/MWh),31
3005,2/2/2020,Victoria,$/MWh),31
3006,21/06/2015,Victoria,$/MWh),31
3007,23/11/2014,Victoria,$/MWh),31
3008,24/07/2011,Victoria,$/MWh),31
3009,28/03/2021,Victoria,$/MWh),31
3010,5/7/2009,Victoria,$/MWh),31
3011,6/6/2010,Victoria,$/MWh),31
3012,1/5/2011,Victoria,$/MWh),32
3013,1/8/2010,Victoria,$/MWh),32
3014,12/4/2009,Victoria,$/MWh),32
3015,13/07/2008,Victoria,$/MWh),32
3016,15/03/2009,Victoria,$/MWh),32
3017,18/07/2010,Victoria,$/MWh),32
3018,19/04/2015,Victoria,$/MWh),32
3019,21/09/2014,Victoria,$/MWh),32
3020,22/02/2015,Victoria,$/MWh),32
3021,29/04/2012,Victoria,$/MWh),32
3022,29/06/2008,Victoria,$/MWh),32
3023,3/1/2016,Victoria,$/MWh),32
3024,4/1/2009,Victoria,$/MWh),32
3025,5/4/2009,Victoria,$/MWh),32
3026,5/6/2011,Victoria,$/MWh),32
3027,7/3/2021,Victoria,$/MWh),32
3028,24/02/2019,Victoria,$/MWh),322
3029,10/8/2014,Victoria,$/MWh),33
3030,17/01/2021,Victoria,$/MWh),33
3031,19/07/2015,Victoria,$/MWh),33
3032,22/04/2012,Victoria,$/MWh),33
3033,26/07/2015,Victoria,$/MWh),33
3034,27/06/2010,Victoria,$/MWh),33
3035,27/09/2020,Victoria,$/MWh),33
3036,29/11/2020,Victoria,$/MWh),33
3037,30/11/2014,Victoria,$/MWh),33
3038,4/12/2016,Victoria,$/MWh),33
3039,7/6/2015,Victoria,$/MWh),33
3040,8/11/2015,Victoria,$/MWh),33
3041,8/5/2011,Victoria,$/MWh),33
3042,11/12/2016,Victoria,$/MWh),34
3043,14/02/2016,Victoria,$/MWh),34
3044,14/09/2008,Victoria,$/MWh),34
3045,15/05/2011,Victoria,$/MWh),34
3046,17/05/2015,Victoria,$/MWh),34
3047,23/08/2015,Victoria,$/MWh),34
3048,24/05/2015,Victoria,$/MWh),34
3049,25/10/2015,Victoria,$/MWh),34
3050,28/09/2008,Victoria,$/MWh),34
3051,30/05/2010,Victoria,$/MWh),34
3052,5/7/2015,Victoria,$/MWh),34
3053,7/8/2016,Victoria,$/MWh),34
3054,9/5/2010,Victoria,$/MWh),34
3055,9/8/2015,Victoria,$/MWh),34
3056,13/12/2020,Victoria,$/MWh),35
3057,16/08/2015,Victoria,$/MWh),35
3058,16/11/2014,Victoria,$/MWh),35
3059,17/08/2014,Victoria,$/MWh),35
3060,22/05/2011,Victoria,$/MWh),35
3061,28/06/2015,Victoria,$/MWh),35
3062,3/6/2012,Victoria,$/MWh),35
3063,4/1/2015,Victoria,$/MWh),35
3064,6/7/2008,Victoria,$/MWh),35
3065,8/3/2020,Victoria,$/MWh),35
3066,9/10/2016,Victoria,$/MWh),35
3067,1/12/2019,Victoria,$/MWh),36
3068,13/09/2020,Victoria,$/MWh),36
3069,14/06/2020,Victoria,$/MWh),36
3070,19/04/2009,Victoria,$/MWh),36
3071,20/06/2010,Victoria,$/MWh),36
3072,3/8/2014,Victoria,$/MWh),36
3073,5/10/2008,Victoria,$/MWh),36
3074,6/11/2016,Victoria,$/MWh),36
3075,7/2/2016,Victoria,$/MWh),36
3076,7/6/2009,Victoria,$/MWh),36
3077,7/8/2011,Victoria,$/MWh),36
3078,14/06/2015,Victoria,$/MWh),37
3079,15/04/2012,Victoria,$/MWh),37
3080,16/10/2016,Victoria,$/MWh),37
3081,20/09/2020,Victoria,$/MWh),37
3082,25/09/2016,Victoria,$/MWh),37
3083,4/10/2015,Victoria,$/MWh),37
3084,7/9/2008,Victoria,$/MWh),37
3085,11/10/2015,Victoria,$/MWh),38
3086,13/09/2015,Victoria,$/MWh),38
3087,15/06/2008,Victoria,$/MWh),38
3088,20/11/2016,Victoria,$/MWh),38
3089,24/08/2008,Victoria,$/MWh),38
3090,27/09/2015,Victoria,$/MWh),38
3091,3/5/2009,Victoria,$/MWh),38
3092,30/08/2020,Victoria,$/MWh),38
3093,31/05/2009,Victoria,$/MWh),38
3094,7/9/2014,Victoria,$/MWh),38
3095,14/01/2018,Victoria,$/MWh),383
3096,1/5/2016,Victoria,$/MWh),39
3097,10/6/2012,Victoria,$/MWh),39
3098,10/7/2011,Victoria,$/MWh),39
3099,12/4/2020,Victoria,$/MWh),39
3100,13/03/2016,Victoria,$/MWh),39
3101,16/05/2010,Victoria,$/MWh),39
3102,17/06/2012,Victoria,$/MWh),39
3103,20/12/2015,Victoria,$/MWh),39
3104,24/07/2016,Victoria,$/MWh),39
3105,24/08/2014,Victoria,$/MWh),39
3106,27/07/2008,Victoria,$/MWh),39
3107,31/05/2015,Victoria,$/MWh),39
3108,8/6/2008,Victoria,$/MWh),39
3109,12/10/2008,Victoria,$/MWh),40
3110,13/07/2014,Victoria,$/MWh),40
3111,17/08/2008,Victoria,$/MWh),40
3112,18/10/2015,Victoria,$/MWh),40
3113,2/8/2015,Victoria,$/MWh),40
3114,26/04/2015,Victoria,$/MWh),40
3115,29/03/2009,Victoria,$/MWh),40
3116,29/05/2011,Victoria,$/MWh),40
3117,6/7/2014,Victoria,$/MWh),40
3118,8/11/2020,Victoria,$/MWh),40
3119,11/1/2009,Victoria,$/MWh),41
3120,14/09/2014,Victoria,$/MWh),41
3121,19/10/2008,Victoria,$/MWh),41
3122,24/04/2016,Victoria,$/MWh),41
3123,24/06/2012,Victoria,$/MWh),41
3124,28/06/2020,Victoria,$/MWh),41
3125,31/08/2008,Victoria,$/MWh),41
3126,8/11/2009,Victoria,$/MWh),41
3127,10/5/2020,Victoria,$/MWh),42
3128,20/04/2014,Victoria,$/MWh),42
3129,20/07/2014,Victoria,$/MWh),42
3130,21/03/2021,Victoria,$/MWh),42
3131,27/12/2015,Victoria,$/MWh),42
3132,28/08/2016,Victoria,$/MWh),42
3133,29/12/2013,Victoria,$/MWh),42
3134,5/4/2020,Victoria,$/MWh),42
3135,6/9/2015,Victoria,$/MWh),42
3136,13/04/2014,Victoria,$/MWh),43
3137,19/01/2020,Victoria,$/MWh),43
3138,20/03/2016,Victoria,$/MWh),43
3139,21/09/2008,Victoria,$/MWh),43
3140,22/06/2008,Victoria,$/MWh),43
3141,22/06/2014,Victoria,$/MWh),43
3142,22/11/2015,Victoria,$/MWh),43
3143,22/12/2013,Victoria,$/MWh),43
3144,3/8/2008,Victoria,$/MWh),43
3145,12/7/2015,Victoria,$/MWh),44
3146,17/01/2016,Victoria,$/MWh),44
3147,2/11/2008,Victoria,$/MWh),44
3148,2/3/2014,Victoria,$/MWh),44
3149,29/11/2015,Victoria,$/MWh),44
3150,9/11/2008,Victoria,$/MWh),44
3151,15/11/2015,Victoria,$/MWh),45
3152,17/03/2013,Victoria,$/MWh),45
3153,18/01/2009,Victoria,$/MWh),45
3154,22/03/2020,Victoria,$/MWh),45
3155,23/12/2012,Victoria,$/MWh),45
3156,27/01/2013,Victoria,$/MWh),45
3157,3/11/2013,Victoria,$/MWh),45
3158,31/08/2014,Victoria,$/MWh),45
3159,6/12/2015,Victoria,$/MWh),45
3160,6/4/2014,Victoria,$/MWh),45
3161,11/10/2020,Victoria,$/MWh),46
3162,15/03/2020,Victoria,$/MWh),46
3163,16/03/2014,Victoria,$/MWh),46
3164,17/07/2016,Victoria,$/MWh),46
3165,23/02/2014,Victoria,$/MWh),46
3166,23/10/2016,Victoria,$/MWh),46
3167,24/03/2013,Victoria,$/MWh),46
3168,24/05/2020,Victoria,$/MWh),46
3169,25/05/2014,Victoria,$/MWh),46
3170,27/04/2014,Victoria,$/MWh),46
3171,3/4/2016,Victoria,$/MWh),46
3172,31/03/2013,Victoria,$/MWh),46
3173,31/05/2020,Victoria,$/MWh),46
3174,5/1/2014,Victoria,$/MWh),46
3175,13/01/2013,Victoria,$/MWh),47
3176,15/11/2020,Victoria,$/MWh),47
3177,16/02/2014,Victoria,$/MWh),47
3178,16/12/2012,Victoria,$/MWh),47
3179,17/11/2013,Victoria,$/MWh),47
3180,18/05/2014,Victoria,$/MWh),47
3181,19/01/2014,Victoria,$/MWh),47
3182,23/09/2012,Victoria,$/MWh),47
3183,25/10/2020,Victoria,$/MWh),47
3184,27/10/2013,Victoria,$/MWh),47
3185,8/12/2013,Victoria,$/MWh),47
3186,9/3/2014,Victoria,$/MWh),47
3187,1/11/2020,Victoria,$/MWh),48
3188,10/11/2013,Victoria,$/MWh),48
3189,20/01/2013,Victoria,$/MWh),48
3190,21/04/2013,Victoria,$/MWh),48
3191,21/06/2020,Victoria,$/MWh),48
3192,21/10/2012,Victoria,$/MWh),48
3193,22/09/2013,Victoria,$/MWh),48
3194,23/05/2021,Victoria,$/MWh),48
3195,26/10/2008,Victoria,$/MWh),48
3196,29/06/2014,Victoria,$/MWh),48
3197,30/03/2014,Victoria,$/MWh),48
3198,6/1/2013,Victoria,$/MWh),48
3199,1/3/2020,Victoria,$/MWh),49
3200,13/10/2013,Victoria,$/MWh),49
3201,14/10/2012,Victoria,$/MWh),49
3202,15/06/2014,Victoria,$/MWh),49
3203,17/04/2016,Victoria,$/MWh),49
3204,17/05/2020,Victoria,$/MWh),49
3205,2/6/2013,Victoria,$/MWh),49
3206,21/02/2016,Victoria,$/MWh),49
3207,22/12/2019,Victoria,$/MWh),49
3208,24/11/2013,Victoria,$/MWh),49
3209,30/09/2012,Victoria,$/MWh),49
3210,9/6/2013,Victoria,$/MWh),49
3211,18/09/2016,Victoria,$/MWh),50
3212,2/5/2021,Victoria,$/MWh),50
3213,23/03/2014,Victoria,$/MWh),50
3214,26/04/2009,Victoria,$/MWh),50
3215,3/2/2013,Victoria,$/MWh),50
3216,8/6/2014,Victoria,$/MWh),50
3217,8/9/2013,Victoria,$/MWh),50
3218,1/12/2013,Victoria,$/MWh),51
3219,1/9/2013,Victoria,$/MWh),51
3220,15/09/2013,Victoria,$/MWh),51
3221,15/11/2009,Victoria,$/MWh),51
3222,16/09/2012,Victoria,$/MWh),51
3223,18/11/2012,Victoria,$/MWh),51
3224,2/9/2012,Victoria,$/MWh),51
3225,20/10/2013,Victoria,$/MWh),51
3226,26/08/2012,Victoria,$/MWh),51
3227,28/02/2016,Victoria,$/MWh),51
3228,29/09/2013,Victoria,$/MWh),51
3229,4/11/2012,Victoria,$/MWh),51
3230,4/5/2014,Victoria,$/MWh),51
3231,6/10/2013,Victoria,$/MWh),51
3232,9/2/2014,Victoria,$/MWh),51
3233,11/11/2012,Victoria,$/MWh),52
3234,11/5/2014,Victoria,$/MWh),52
3235,11/8/2013,Victoria,$/MWh),52
3236,11/9/2016,Victoria,$/MWh),52
3237,2/12/2012,Victoria,$/MWh),52
3238,23/02/2020,Victoria,$/MWh),52
3239,30/06/2013,Victoria,$/MWh),52
3240,30/08/2015,Victoria,$/MWh),52
3241,31/07/2016,Victoria,$/MWh),52
3242,5/5/2013,Victoria,$/MWh),52
3243,7/4/2013,Victoria,$/MWh),52
3244,10/2/2013,Victoria,$/MWh),53
3245,10/8/2008,Victoria,$/MWh),53
3246,19/08/2012,Victoria,$/MWh),53
3247,24/02/2013,Victoria,$/MWh),53
3248,25/08/2013,Victoria,$/MWh),53
3249,28/04/2013,Victoria,$/MWh),53
3250,29/03/2020,Victoria,$/MWh),53
3251,9/8/2020,Victoria,$/MWh),53
3252,12/5/2013,Victoria,$/MWh),54
3253,14/04/2013,Victoria,$/MWh),54
3254,16/02/2020,Victoria,$/MWh),54
3255,22/11/2020,Victoria,$/MWh),54
3256,27/11/2016,Victoria,$/MWh),54
3257,5/1/2020,Victoria,$/MWh),54
3258,8/12/2019,Victoria,$/MWh),54
3259,14/07/2013,Victoria,$/MWh),55
3260,16/08/2020,Victoria,$/MWh),55
3261,2/8/2020,Victoria,$/MWh),55
3262,20/09/2015,Victoria,$/MWh),55
3263,28/07/2013,Victoria,$/MWh),55
3264,4/8/2013,Victoria,$/MWh),55
3265,12/8/2012,Victoria,$/MWh),56
3266,15/05/2016,Victoria,$/MWh),56
3267,18/10/2020,Victoria,$/MWh),56
3268,28/10/2012,Victoria,$/MWh),56
3269,8/5/2016,Victoria,$/MWh),56
3270,19/05/2013,Victoria,$/MWh),57
3271,2/2/2014,Victoria,$/MWh),57
3272,4/10/2020,Victoria,$/MWh),57
3273,7/10/2012,Victoria,$/MWh),57
3274,22/05/2016,Victoria,$/MWh),58
3275,26/01/2014,Victoria,$/MWh),58
3276,1/6/2014,Victoria,$/MWh),59
3277,12/1/2020,Victoria,$/MWh),59
3278,18/08/2013,Victoria,$/MWh),59
3279,9/2/2020,Victoria,$/MWh),59
3280,1/1/2017,Victoria,$/MWh),60
3281,5/8/2012,Victoria,$/MWh),60
3282,10/7/2016,Victoria,$/MWh),61
3283,24/09/2017,Victoria,$/MWh),61
3284,26/05/2013,Victoria,$/MWh),61
3285,29/07/2018,Victoria,$/MWh),61
3286,25/01/2009,Victoria,$/MWh),619
3287,15/07/2012,Victoria,$/MWh),62
3288,1/10/2017,Victoria,$/MWh),63
3289,1/7/2018,Victoria,$/MWh),63
3290,21/07/2013,Victoria,$/MWh),63
3291,24/11/2019,Victoria,$/MWh),63
3292,26/07/2020,Victoria,$/MWh),63
3293,6/6/2021,Victoria,$/MWh),63
3294,9/9/2018,Victoria,$/MWh),63
3295,22/01/2017,Victoria,$/MWh),64
3296,29/04/2018,Victoria,$/MWh),64
3297,10/3/2013,Victoria,$/MWh),65
3298,12/7/2020,Victoria,$/MWh),65
3299,5/3/2017,Victoria,$/MWh),65
3300,22/07/2012,Victoria,$/MWh),66
3301,8/1/2017,Victoria,$/MWh),66
3302,10/4/2016,Victoria,$/MWh),67
3303,21/08/2016,Victoria,$/MWh),67
3304,29/07/2012,Victoria,$/MWh),67
3305,3/3/2013,Victoria,$/MWh),67
3306,1/2/2009,Victoria,$/MWh),68
3307,12/8/2018,Victoria,$/MWh),68
3308,7/7/2013,Victoria,$/MWh),68
3309,10/11/2019,Victoria,$/MWh),69
3310,17/02/2013,Victoria,$/MWh),69
3311,18/08/2019,Victoria,$/MWh),69
3312,23/06/2013,Victoria,$/MWh),69
3313,25/03/2018,Victoria,$/MWh),69
3314,8/10/2017,Victoria,$/MWh),69
3315,3/11/2019,Victoria,$/MWh),70
3316,8/4/2018,Victoria,$/MWh),70
3317,8/7/2012,Victoria,$/MWh),70
3318,9/9/2012,Victoria,$/MWh),70
3319,17/11/2019,Victoria,$/MWh),71
3320,23/08/2020,Victoria,$/MWh),71
3321,5/8/2018,Victoria,$/MWh),71
3322,25/04/2021,Victoria,$/MWh),72
3323,9/5/2021,Victoria,$/MWh),72
3324,18/03/2018,Victoria,$/MWh),73
3325,19/07/2020,Victoria,$/MWh),74
3326,22/07/2018,Victoria,$/MWh),74
3327,31/12/2017,Victoria,$/MWh),74
3328,5/7/2020,Victoria,$/MWh),74
3329,26/01/2020,Victoria,$/MWh),744
3330,10/6/2018,Victoria,$/MWh),75
3331,15/12/2013,Victoria,$/MWh),75
3332,25/02/2018,Victoria,$/MWh),75
3333,6/5/2018,Victoria,$/MWh),75
3334,12/2/2017,Victoria,$/MWh),76
3335,9/12/2012,Victoria,$/MWh),76
3336,15/01/2017,Victoria,$/MWh),77
3337,15/04/2018,Victoria,$/MWh),77
3338,17/09/2017,Victoria,$/MWh),78
3339,22/04/2018,Victoria,$/MWh),78
3340,30/06/2019,Victoria,$/MWh),78
3341,9/6/2019,Victoria,$/MWh),78
3342,12/3/2017,Victoria,$/MWh),79
3343,15/10/2017,Victoria,$/MWh),79
3344,21/04/2019,Victoria,$/MWh),79
3345,21/07/2019,Victoria,$/MWh),79
3346,29/01/2017,Victoria,$/MWh),79
3347,5/6/2016,Victoria,$/MWh),79
3348,15/07/2018,Victoria,$/MWh),80
3349,19/06/2016,Victoria,$/MWh),80
3350,29/10/2017,Victoria,$/MWh),80
3351,1/4/2018,Victoria,$/MWh),81
3352,18/02/2018,Victoria,$/MWh),81
3353,30/05/2021,Victoria,$/MWh),81
3354,4/3/2018,Victoria,$/MWh),81
3355,7/6/2020,Victoria,$/MWh),81
3356,24/12/2017,Victoria,$/MWh),82
3357,27/06/2021,Victoria,$/MWh),82
3358,6/3/2016,Victoria,$/MWh),82
3359,11/3/2018,Victoria,$/MWh),83
3360,13/12/2015,Victoria,$/MWh),83
3361,19/02/2017,Victoria,$/MWh),83
3362,26/02/2017,Victoria,$/MWh),83
3363,27/05/2018,Victoria,$/MWh),83
3364,11/2/2018,Victoria,$/MWh),84
3365,20/07/2008,Victoria,$/MWh),84
3366,5/11/2017,Victoria,$/MWh),84
3367,7/1/2018,Victoria,$/MWh),84
3368,7/10/2018,Victoria,$/MWh),85
3369,16/06/2013,Victoria,$/MWh),86
3370,3/12/2017,Victoria,$/MWh),86
3371,12/6/2016,Victoria,$/MWh),87
3372,13/08/2017,Victoria,$/MWh),87
3373,20/10/2019,Victoria,$/MWh),87
3374,22/10/2017,Victoria,$/MWh),87
3375,31/01/2010,Victoria,$/MWh),87
3376,8/7/2018,Victoria,$/MWh),87
3377,21/05/2017,Victoria,$/MWh),88
3378,14/07/2019,Victoria,$/MWh),89
3379,10/9/2017,Victoria,$/MWh),90
3380,18/04/2021,Victoria,$/MWh),90
3381,23/12/2018,Victoria,$/MWh),90
3382,26/05/2019,Victoria,$/MWh),90
3383,12/5/2019,Victoria,$/MWh),91
3384,16/12/2018,Victoria,$/MWh),91
3385,20/05/2018,Victoria,$/MWh),91
3386,12/11/2017,Victoria,$/MWh),92
3387,17/12/2017,Victoria,$/MWh),92
3388,18/06/2017,Victoria,$/MWh),92
3389,19/05/2019,Victoria,$/MWh),92
3390,14/04/2019,Victoria,$/MWh),93
3391,16/09/2018,Victoria,$/MWh),93
3392,3/9/2017,Victoria,$/MWh),93
3393,6/1/2019,Victoria,$/MWh),93
3394,7/7/2019,Victoria,$/MWh),94
3395,1/9/2019,Victoria,$/MWh),95
3396,24/03/2019,Victoria,$/MWh),95
3397,6/8/2017,Victoria,$/MWh),95
3398,23/06/2019,Victoria,$/MWh),96
3399,10/2/2019,Victoria,$/MWh),97
3400,10/3/2019,Victoria,$/MWh),97
3401,21/10/2018,Victoria,$/MWh),97
3402,8/9/2019,Victoria,$/MWh),97
3403,10/12/2017,Victoria,$/MWh),98
3404,13/10/2019,Victoria,$/MWh),98
3405,18/11/2018,Victoria,$/MWh),98
3406,19/08/2018,Victoria,$/MWh),98
3407,24/06/2018,Victoria,$/MWh),98
3408,30/12/2018,Victoria,$/MWh),98
3409,4/11/2018,Victoria,$/MWh),98
3410,23/09/2018,Victoria,$/MWh),99
